,0
0,Dex.00.2_AGGTTATCGCCTATATAC
1,Dex.00.2_CTATTACTATTAGTCCTA
2,Dex.00.2_CAAGTCATCCGGGGACGA
3,Dex.00.2_ACCTTCTAATAGTGCTAA
4,Dex.00.2_TCGCCTAAAGAACATAGA
5,Dex.00.2_GAGGCCACAAGGACAAGG
6,Dex.00.2_GGATTGCTGTGGGCTTGT
7,Dex.00.2_CGTTATCTGTGGCTGTGG
8,Dex.00.2_TCGGGAAGTAAACAAGTC
9,Dex.00.2_GTACAGGGTAGGGAGGCC
10,Dex.00.2_CCGATGTGAGACGCTTGT
11,Dex.00.2_TTAAGAAACAGCTTAAGA
12,Dex.00.2_GCTTGTTGTTCGTTAAGA
13,Dex.00.2_AAGCCACTGTGGATAGCG
14,Dex.00.2_GCGAATACCCAATTCTTG
15,Dex.00.2_TTGGATGGACGAGTGGTG
16,Dex.00.2_ACCCAACAGACTTTGCTC
17,Dex.00.2_GACTCGTTCGCAACTGCA
18,Dex.00.2_TGTTCGGATCAATGAATT
19,Dex.00.2_GGCCATTCTAGCCAAGTC
20,Dex.00.2_GAGGCCCCTCTAGAAGGG
21,Dex.00.2_ATTAGTGCTGAGCATAGA
22,Dex.00.2_GTCGGCATACTTCCGTAA
23,Dex.00.2_GCTGAGTGCTAACTTACG
24,Dex.00.2_TAGAGGACTGCAAGGTTA
25,Dex.00.2_GCTGAGGAGTGAGGCCAT
26,Dex.00.2_CTGTGGAAAGAATGTTCG
27,Dex.00.2_CTTGAAATCCGGGCCAGA
28,Dex.00.2_CCTCTAGACTCGACTGCA
29,Dex.00.2_CTATTAGAAGGGTGCGGT
30,Dex.00.2_GTTAACTGAATTAGACCC
31,Dex.00.2_TGAGACCGTTATCGAAAG
32,Dex.00.2_AGCACGGCTTGTATCCGG
33,Dex.00.2_GGTAGGATTAGTCGCATA
34,Dex.00.2_TGGCAGTGGCAGTGTTCG
35,Dex.00.2_TGGCAGTCATCATGGCAG
36,Dex.00.2_CCACGCGGGATCAGCACG
37,Dex.00.2_CGAAAGGAAATATAAGCT
38,Dex.00.2_TGAGACGTACAGACCCAA
39,Dex.00.2_ACGGACCAACCGCAGACT
40,Dex.00.2_TCTAGCTATTTCACCCAA
41,Dex.00.2_CATAGATCCAAGATAGCG
42,Dex.00.2_GAAATAGTCGGCGCCAGA
43,Dex.00.2_GAAATATTCTTGGGATTG
44,Dex.00.2_GGACGAGATCAATTGCTC
45,Dex.00.2_CGAAAGGATCAATGAGAC
46,Dex.00.2_TTAAGAAGACCCTGCGGT
47,Dex.00.2_CAGGAGCCGATGTCAGTG
48,Dex.00.2_GCCAGAGCTGAGCGTTAT
49,Dex.00.2_AATTGGTGGCAGGAGCTT
50,Dex.00.2_GTTAACGCGAATGTTTCA
51,Dex.00.2_ATAGCGATGAAGGGGATC
52,Dex.00.2_GAAATAATACTTACCTTC
53,Dex.00.2_AGATGTGATCAAACCTTC
54,Dex.00.2_CACTGTCCGTAATGGCAG
55,Dex.00.2_GAGTGAGCTCCCAGTAAA
56,Dex.00.2_ATTAGTGAGTGACTTGAA
57,Dex.00.2_GCCAGAACAAGGAGTAAA
58,Dex.00.2_CTATTAGCCGTTGAGGCC
59,Dex.00.2_TCCAAGCCGTAATGCGGT
60,Dex.00.2_GTCGGCGAAGGGTTTGGG
61,Dex.00.2_CCACGCATATACAATTGG
62,Dex.00.2_CACCACGCTTGTGCCAGA
63,Dex.00.2_GGTGCTTCCAAGCATAGA
64,Dex.00.2_CGGTCCAACGTGATAGCG
65,Dex.00.2_TGAGACATCCGGCAAGTC
66,Dex.00.2_ACCCAAGTACAGAAGCCA
67,Dex.00.2_ACAAGGCACTGTAGATGT
68,Dex.00.2_GCGCGGGAGCTTTTTGGG
69,Dex.00.2_GCCAGATGCTAATTCTTG
70,Dex.00.2_GTTAACTGGCAGCCGATG
71,Dex.00.2_CAAGTCCGCATATCGGGA
72,Dex.00.2_TAATAGTTGCTCGTGGTG
73,Dex.00.2_AGTCTGAGCACGCGTTAT
74,Dex.00.2_GGATTGGCCGTTGAGTGA
75,Dex.00.2_TGCTAAGAGTGAGAAGGG
76,Dex.00.2_AACGTGGGGATCGTTTCA
77,Dex.00.2_GTACAGAGGTTAGTACAG
78,Dex.00.2_GCCGTTATACTTTTCGCA
79,Dex.00.2_TAATAGAACAGCGCTCCC
80,Dex.00.2_GCCAGAAGACCCTGTTCG
81,Dex.00.2_GGGATCTCCAAGCGCATA
82,Dex.00.2_CACTGTGTACAGGGTGCT
83,Dex.00.2_TGAGACCGAAAGGCTGAG
84,Dex.00.2_CTGTGGGGATTGCTGTGG
85,Dex.00.2_ACCCAACTCAATAATTGG
86,Dex.00.2_AGGTTAGTCGGCTCTAGC
87,Dex.00.2_GAAATAACGGACCGGTCC
88,Dex.00.2_GCTCCCTGAGACTAAGCT
89,Dex.00.2_TTGGATCAGGAGTTCGCA
90,Dex.00.2_CACTGTTGCTAAACGGAC
91,Dex.00.2_GGACGACCACGCCTATTA
92,Dex.00.2_AATTGGCTTGAAGCGCGG
93,Dex.00.2_GAAGGGGTTTCACAAGTC
94,Dex.00.2_CACTGTCAGACTAGACCC
95,Dex.00.2_CTTACGCTATTATCATCA
96,Dex.00.2_GTACAGCGTTATAGTCTG
97,Dex.00.2_TCATCATGGCAGGTTAAC
98,Dex.00.2_CACTGTCGCATACGAGCA
99,Dex.00.2_GAGGCCAGTAAAAATTGG
100,Dex.00.2_GCTCCCAGTCTGGCGCGG
101,Dex.00.2_CGTTATGGACGAGCCAGA
102,Dex.00.2_GGACGACCACGCGCTTGT
103,Dex.00.2_TAAGCTTTGGATTCTAGC
104,Dex.00.2_CGGCGTCACCACTCGGGA
105,Dex.00.2_TGTTCGCAGACTTGGCAG
106,Dex.00.2_CACCACTTCTTGCACTGT
107,Dex.00.2_TTTGGGAACAGCTTAAGA
108,Dex.00.2_ATTAGTGCCAGAAAGCCA
109,Dex.00.2_ATGAAGAATTGGGTGGTG
110,Dex.00.2_GCGAATCCACGCTGCGGT
111,Dex.00.2_TCTAGCGCTCCCCAGGAG
112,Dex.00.2_ACTGCAACGGACTGTTCG
113,Dex.00.2_GTTTCAAACAGCCGGCGT
114,Dex.00.2_CTCAATTGGCAGTCGCCT
115,Dex.00.2_CGCATACGTTATAGCACG
116,Dex.00.2_TGCGGTTCCAAGTTGGAT
117,Dex.00.2_TGTGTACACCACCGAAAG
118,Dex.00.2_AACAGCAGGTTACTTACG
119,Dex.00.2_GGCCATCTCAATACTGCA
120,Dex.00.2_ACAAGGGACTCGGATCAA
121,Dex.00.2_CGCATAAAGTATTTGCTC
122,Dex.00.2_TCGCCTCAAGTCAGATGT
123,Dex.00.2_CTATTATGGCAGTCAGTG
124,Dex.00.2_CAGGAGGATCAACTGTGG
125,Dex.00.2_TTGCTCTGTGTAGTGGTG
126,Dex.00.2_TCGCCTGAGTGAAATTGG
127,Dex.00.2_TGCTAAAACAGCCCGATG
128,Dex.00.2_GGTAGGAGGTTAGAGTGA
129,Dex.00.2_CCGATGTCGGGAATGAAG
130,Dex.00.2_TTGGATGTTAACACCTTC
131,Dex.00.2_TAGAGGTCGCCTGTCCTA
132,Dex.00.2_TTGCTCAACGTGTTCTTG
133,Dex.00.2_TCATCAAGTCTGTAATAG
134,Dex.00.2_CTGTGGAACAGCAGATGT
135,Dex.00.2_TGGCAGACCCAAGAGGCC
136,Dex.00.2_TGAGACGCTCCCAACAGC
137,Dex.00.2_GTCCTAAACAGCTGAATT
138,Dex.00.2_GGACGATCGGGAGGCCAT
139,Dex.00.2_GAAGGGGGCCATAGCACG
140,Dex.00.2_GAAGGGTCTAGCGACTCG
141,Dex.00.2_TCTAGCCAGGAGACCCAA
142,Dex.00.2_ACCCAAGGACGAGAGCTT
143,Dex.00.2_GAGTGAAACAGCAACGTG
144,Dex.00.2_TAGAGGTTAAGAGAAGGG
145,Dex.00.2_CACTGTCGGTCCGAAATA
146,Dex.00.2_AACGTGGCCGTTGGCCAT
147,Dex.00.2_TGTGTAGAGGCCTCCAAG
148,Dex.00.2_TAGAGGAGTAAAGTTAAC
149,Dex.00.2_GAGCTTGACTCGCACCAC
150,Dex.00.2_AAAGAATGTGTAGTACAG
151,Dex.00.2_CGTTATCTATTAGGCCAT
152,Dex.00.2_GCTCCCCTCAATTCATCA
153,Dex.00.2_TTCGCAGACTCGAACAGC
154,Dex.00.2_AGTCTGAGTAAACTTGAA
155,Dex.00.2_TTTGGGAAAGAAGCTGAG
156,Dex.00.2_ATTAGTCAAGTCAGGTTA
157,Dex.00.2_TTAAGACGAGCAAGACCC
158,Dex.00.2_CACTGTAATTGGGCGAAT
159,Dex.00.2_AACGTGTGTTCGAAGCCA
160,Dex.00.2_CTTGAACTGTGGGCTGAG
161,Dex.00.2_CCTCTACACTGTAGTCTG
162,Dex.00.2_GAAATAATGAAGCAAGTC
163,Dex.00.2_GGACGAGAAGGGCCGATG
164,Dex.00.2_TTCTTGCAGGAGCTGTGG
165,Dex.00.2_TCGGGAAGTAAAGCCAGA
166,Dex.00.2_AGTCTGTCATCAAGTCTG
167,Dex.00.2_TTGGATTTCGCAGGCCAT
168,Dex.00.2_TCTAGCGTCGGCTTGCTC
169,Dex.00.2_TTGGATCTGTGGGCGAAT
170,Dex.00.2_GGACGAGGTGCTATATAC
171,Dex.00.2_CCGATGTAATAGTTGCTC
172,Dex.00.2_CGCATACGAGCACCGTAA
173,Dex.00.2_AGTAAAGGTGCTATCCGG
174,Dex.00.2_AGCACGAACGTGTCATCA
175,Dex.00.2_TTCTTGTGGCAGGGATTG
176,Dex.00.2_TTCTTGTCTAGCAGTAAA
177,Dex.00.2_GACTCGCGTTATAGACCC
178,Dex.00.2_ACCCAAATCCGGATATAC
179,Dex.00.2_TAAGCTGGATTGCGAAAG
180,Dex.00.2_GGCCATGTACAGAGATGT
181,Dex.00.2_GAGTGACGGTCCTGCGGT
182,Dex.00.2_CCGATGATACTTGTCCTA
183,Dex.00.2_TTGCTCTGCGGTTCTAGC
184,Dex.00.2_CAAGTCTCCAAGTCAGTG
185,Dex.00.2_ACTGCACGGCGTTTGGAT
186,Dex.00.2_TCTAGCATGAAGTGCGGT
187,Dex.00.2_AGCACGATATACATAGCG
188,Dex.00.2_TCCAAGTCGGGAGGCCAT
189,Dex.00.2_GCGCGGGCCGTTTGTTCG
190,Dex.00.2_GTCGGCGCCAGAGCCAGA
191,Dex.00.2_ACCTTCATGAAGGGGATC
192,Dex.00.2_TAGAGGCAGACTGAAATA
193,Dex.00.2_AGACCCGAAGGGTCGGGA
194,Dex.00.2_ACGGACCTGTGGGAAATA
195,Dex.00.2_TTAAGAGAAATATGTTCG
196,Dex.00.2_CCACGCAAGTATTTCGCA
197,Dex.00.2_CGTTATTAATAGATACTT
198,Dex.00.2_TGGCAGTTTGGGTCATCA
199,Dex.00.2_CGGTCCCAACCGGGGATC
200,Dex.00.2_CACCACCAAGTCGCGCGG
201,Dex.00.2_CTCAATTTTGGGGCCAGA
202,Dex.00.2_AACAGCCTTACGTAGAGG
203,Dex.00.2_TGCGGTGTCGGCCAACCG
204,Dex.00.2_CCGTAAACGGACTTCTTG
205,Dex.00.2_GCTCCCTGTTCGGTCCTA
206,Dex.00.2_AACAGCGCCGTTACAAGG
207,Dex.00.2_GGTGCTGTGGTGATGAAG
208,Dex.00.2_ACTGCAATATACAGACCC
209,Dex.00.2_GAGGCCCTAGGTGGCCAT
210,Dex.00.2_GAAATAGAGTGAGGATTG
211,Dex.00.2_GGACGAGGACGATAATAG
212,Dex.00.2_GTCGGCTTGGATCAAGTC
213,Dex.00.2_CAACCGTGTTCGACAAGG
214,Dex.00.2_GATCAACACTGTCCACGC
215,Dex.00.2_ACCCAAGTACAGCCGATG
216,Dex.00.2_TCCAAGCCGTAAGAAGGG
217,Dex.00.2_AGGTTAAGTAAATGTGTA
218,Dex.00.2_ATTAGTTCGCCTGCTCCC
219,Dex.00.2_AACGTGGGACGATGAGAC
220,Dex.00.2_GCCGTTATCCGGTGAATT
221,Dex.00.2_AACGTGTGGCAGACGGAC
222,Dex.00.2_GGTAGGTCGGGACAGGAG
223,Dex.00.2_GGATTGCCGATGCGGCGT
224,Dex.00.2_CAAGTCCTTACGGACTCG
225,Dex.00.2_CATAGACACTGTGAGCTT
226,Dex.00.2_TACCGAGAGGCCCATAGA
227,Dex.00.2_GCGCGGCTCAATCCGTAA
228,Dex.00.2_CGGTCCCTATTATCTAGC
229,Dex.00.2_TCGGGAGCCAGATTTGGG
230,Dex.00.2_CTAGGTTAGAGGGAAATA
231,Dex.00.2_AACAGCGCTCCCGCTGAG
232,Dex.00.2_GGATTGCTCAATTGAGAC
233,Dex.00.2_TTCGCAAACGTGAGGTTA
234,Dex.00.2_AGCACGACTGCACCGATG
235,Dex.00.2_GAGCTTTGTGTACTTGAA
236,Dex.00.2_AGTAAACGTTATCACTGT
237,Dex.00.2_CTCAATGGTAGGTAGAGG
238,Dex.00.2_TTTGGGTCTAGCCAAGTC
239,Dex.00.2_GCGCGGTTAAGACGAAAG
240,Dex.00.2_AGTAAAATAGCGGATCAA
241,Dex.00.2_GCTTGTGGTGCTTGAGAC
242,Dex.00.2_TCCAAGAAGCCACAGGAG
243,Dex.00.2_CTCAATCTATTAGCGCGG
244,Dex.00.2_AGTCTGGAGCTTCCACGC
245,Dex.00.2_CAACCGTCGGGATGGCAG
246,Dex.00.2_TGTGTAAAAGAAAAGCCA
247,Dex.00.2_CTAGGTAACAGCTGCGGT
248,Dex.00.2_GTGGTGCTATTAACGGAC
249,Dex.00.2_TGGCAGCAGACTACAAGG
250,Dex.00.2_AGGTTACGCATACTATTA
251,Dex.00.2_CAACCGGCCAGAAACGTG
252,Dex.00.2_CCACGCTTTGGGCCGTAA
253,Dex.00.2_TGCTAACTGTGGTCATCA
254,Dex.00.2_TTCTTGCCTCTAAGGTTA
255,Dex.00.2_TTCTTGGAGTGATAGAGG
256,Dex.00.2_GCCAGATCTAGCCGTTAT
257,Dex.00.2_TCTAGCATCCGGTTTGGG
258,Dex.00.2_GACTCGCAGGAGGGGATC
259,Dex.00.2_GTACAGGAAGGGTGAGAC
260,Dex.00.2_CACTGTGACTCGCCGTAA
261,Dex.00.2_CGCATAGCTTGTGAGGCC
262,Dex.00.2_CCGTAATAGAGGTCTAGC
263,Dex.00.2_CTTGAAGCCAGAGCTTGT
264,Dex.00.2_CTGTGGCAGGAGTAATAG
265,Dex.00.2_GGATTGGTACAGATCCGG
266,Dex.00.2_GCTCCCTCGGGAGCTCCC
267,Dex.00.2_TAAGCTTAGAGGGTCGGC
268,Dex.00.2_CGGCGTCAAGTCTCTAGC
269,Dex.00.2_ATATACGAAGGGGGTGCT
270,Dex.00.2_TGTTCGCGAGCACAGACT
271,Dex.00.2_ACAAGGAAAGAATCTAGC
272,Dex.00.2_CTATTAGGTAGGACCCAA
273,Dex.00.2_ATAGCGGATCAAGTTAAC
274,Dex.00.2_ATACTTTTAAGACCACGC
275,Dex.00.2_GCTGAGCGGTCCCAAGTC
276,Dex.00.2_CTATTAGTGGTGAACAGC
277,Dex.00.2_GGTAGGGTCCTACAGGAG
278,Dex.00.2_TCTAGCTCAGTGTGGCAG
279,Dex.00.2_GTGGTGGGTGCTAAGTAT
280,Dex.00.2_CCTCTACTTGAACAGGAG
281,Dex.00.2_CACCACTGTTCGCATAGA
282,Dex.00.2_GGCCATATTAGTCCGATG
283,Dex.00.2_CGAAAGACCTTCCGAAAG
284,Dex.00.2_ACCCAAGCTTGTGCGCGG
285,Dex.00.2_AACAGCGAGGCCTGGCAG
286,Dex.00.2_CGGTCCAAGTATCTTGAA
287,Dex.00.2_GGGATCGCGCGGGAGGCC
288,Dex.00.2_ACCCAATTGCTCTAGAGG
289,Dex.00.2_GGGATCAAAGAAGAGCTT
290,Dex.00.2_GTCCTACAGACTCGTTAT
291,Dex.00.2_TTGCTCTTTGGGAGTAAA
292,Dex.00.2_CAACCGCGTTATAGTCTG
293,Dex.00.2_CGAAAGCGGCGTACAAGG
294,Dex.00.2_AACGTGGCGAATCACCAC
295,Dex.00.2_AGCACGGCTCCCTACCGA
296,Dex.00.2_CTTGAAGAGCTTACAAGG
297,Dex.00.2_ATGAAGATTAGTGCTGAG
298,Dex.00.2_CAACCGGAGCTTCCGTAA
299,Dex.00.2_GCTGAGTTTGGGAGGTTA
300,Dex.00.2_TGGCAGGCTCCCACCTTC
301,Dex.00.2_CTCAATGATCAAAGGTTA
302,Dex.00.2_GATCAACGCATAAGTAAA
303,Dex.00.2_ACCCAAATCCGGAACGTG
304,Dex.00.2_TGTGTAGGCCATAAGCCA
305,Dex.00.2_GGATTGGCTGAGTGTTCG
306,Dex.00.2_TCGGGACCGTAAGAAGGG
307,Dex.00.2_AGCACGGGGATCTAGAGG
308,Dex.00.2_ATTAGTGCGAATTTTGGG
309,Dex.00.2_TGGCAGCCGATGGTCCTA
310,Dex.00.2_ACGGACGAGTGAGATCAA
311,Dex.00.2_TCAGTGGGATTGGCTTGT
312,Dex.00.2_TAATAGTGTTCGAGTAAA
313,Dex.00.2_CACCACGCCAGAGTCGGC
314,Dex.00.2_AGCACGTTGGATAGTAAA
315,Dex.00.2_CAGGAGTCCAAGTCGGGA
316,Dex.00.2_GAGTGAAGGTTATAAGCT
317,Dex.00.2_ATATACCCGTAAGAAATA
318,Dex.00.2_CGTTATCATAGATTCTTG
319,Dex.00.2_CCGTAATACCGACAGACT
320,Dex.00.2_AAAGAATCATCATAAGCT
321,Dex.00.2_CGAGCAGATCAATGGCAG
322,Dex.00.2_TTGCTCGCTGAGTTTGGG
323,Dex.00.2_GTCCTACTAGGTTTCGCA
324,Dex.00.2_GACTCGTAGAGGCAACCG
325,Dex.00.2_GGACGAAGTAAAAACAGC
326,Dex.00.2_AGGTTATTGCTCGAAGGG
327,Dex.00.2_GAGTGAGGATTGGGTAGG
328,Dex.00.2_TGAGACATATACGTCGGC
329,Dex.00.2_AAGCCATGCTAAATACTT
330,Dex.00.2_TTCTTGGGATTGAATTGG
331,Dex.00.2_ATATACCCGTAAGCCGTT
332,Dex.00.2_GCCGTTTCATCATACCGA
333,Dex.00.2_AATTGGTGCTAAAAGTAT
334,Dex.00.2_GTCCTAAGCACGGTCGGC
335,Dex.00.2_CGGCGTAGTAAAGCCAGA
336,Dex.00.2_TAATAGACGGACCAACCG
337,Dex.00.2_AAGCCAGAAGGGTAATAG
338,Dex.00.2_GGTAGGTTGCTCACAAGG
339,Dex.00.2_CACCACCGGTCCGATCAA
340,Dex.00.2_GCTGAGCCGTAATGTTCG
341,Dex.00.2_ATACTTTTAAGATGCTAA
342,Dex.00.2_GCCAGAGATCAACAACCG
343,Dex.00.2_GCTTGTGAGTGACGTTAT
344,Dex.00.2_GGGATCAGGTTAGTTTCA
345,Dex.00.2_TCTAGCCGCATAGTTTCA
346,Dex.00.2_TTGGATAACGTGCGCATA
347,Dex.00.2_GTACAGGTGGTGCGGCGT
348,Dex.00.2_CTCAATCTGTGGGAAGGG
349,Dex.00.2_ATATACACGGACCTAGGT
350,Dex.00.2_GGGATCGTTAACTGAGAC
351,Dex.00.2_ATGAAGAAAGAACCTCTA
352,Dex.00.2_CCGATGGTTTCAATTAGT
353,Dex.00.2_CTAGGTACAAGGTAGAGG
354,Dex.00.2_GTCCTAAGTCTGAGTCTG
355,Dex.00.2_CAGACTGGCCATCACTGT
356,Dex.00.2_TATTTCCTGTGGACCCAA
357,Dex.00.2_TTTGGGAAGTATGACTCG
358,Dex.00.2_TGCTAATGCTAAGACTCG
359,Dex.00.2_TGTGTACAGGAGATCCGG
360,Dex.00.2_GAAGGGGGTAGGAGATGT
361,Dex.00.2_AGTCTGTAAGCTGTCGGC
362,Dex.00.2_TAGAGGGATCAACAACCG
363,Dex.00.2_GGTAGGGTACAGCATAGA
364,Dex.00.2_GGTGCTGTTTCAGTGGTG
365,Dex.00.2_GAGGCCCAACCGTCGCCT
366,Dex.00.2_ATATACGGATTGTGTTCG
367,Dex.00.2_CATAGATAGAGGCGGCGT
368,Dex.00.2_AGGTTAATGAAGTCATCA
369,Dex.00.2_GCTTGTCTCAATAGTAAA
370,Dex.00.2_TGCGGTGGATTGAGATGT
371,Dex.00.2_TTGGATCGTTATTGCGGT
372,Dex.00.2_GTTAACGAGCTTGGACGA
373,Dex.00.2_ACCCAAATACTTTAAGCT
374,Dex.00.2_GCTCCCGTTAACTGCGGT
375,Dex.00.2_ACCCAAAGCACGGGGATC
376,Dex.00.2_ACGGACTACCGAGACTCG
377,Dex.00.2_GCGAATACAAGGATTAGT
378,Dex.00.2_GCGCGGTAATAGCGCATA
379,Dex.00.2_AGATGTTGAGACTGCTAA
380,Dex.00.2_CTCAATTGTTCGCGTTAT
381,Dex.00.2_CCGATGGAAATATGAATT
382,Dex.00.2_CACTGTCAGACTTGTTCG
383,Dex.00.2_CAACCGAGTAAAAAGTAT
384,Dex.00.2_TGAATTCAACCGGGCCAT
385,Dex.00.2_CTAGGTAGTAAAGAAATA
386,Dex.00.2_TCGGGAAGCACGACGGAC
387,Dex.00.2_AGCACGTAGAGGCTCAAT
388,Dex.00.2_ACAAGGTGAATTGCTCCC
389,Dex.00.2_GGATTGTGCTAACACTGT
390,Dex.00.2_TTGGATAGTAAACGAAAG
391,Dex.00.2_GACTCGCACCACGGCCAT
392,Dex.00.2_CGGTCCGAAATAATAGCG
393,Dex.00.2_GCGCGGGCGCGGATACTT
394,Dex.00.2_GAAATATGTTCGTCCAAG
395,Dex.00.2_AACGTGTGCGGTCCACGC
396,Dex.00.2_AAGCCAGCGAATCTCAAT
397,Dex.00.2_GGATTGTGGCAGTCAGTG
398,Dex.00.2_ACTGCAAAGCCAGGTAGG
399,Dex.00.2_TCCAAGAAGCCACAGACT
400,Dex.01.2_TTGGATCCGATGATGAAG
401,Dex.01.2_GCCAGAAGACCCAAGCCA
402,Dex.01.2_CTCAATCCGATGAGTCTG
403,Dex.01.2_TTCTTGGCCGTTCACTGT
404,Dex.01.2_AGTCTGACTGCACTTGAA
405,Dex.01.2_ACAAGGCCACGCAGGTTA
406,Dex.01.2_AACGTGGAGCTTGGGATC
407,Dex.01.2_GCTGAGATGAAGATTAGT
408,Dex.01.2_GGTAGGCTCAATCCTCTA
409,Dex.01.2_TACCGACAGACTGAGGCC
410,Dex.01.2_AGGTTAAAAGAAAGACCC
411,Dex.01.2_AGTCTGGCCAGAGAAGGG
412,Dex.01.2_TTCTTGGTTAACTCGCCT
413,Dex.01.2_CGCATATTGCTCGCTCCC
414,Dex.01.2_ATAGCGCACCACAAAGAA
415,Dex.01.2_CTTGAACGGTCCGTACAG
416,Dex.01.2_GAGTGACGAAAGGTCGGC
417,Dex.01.2_CCGATGGTACAGCAGGAG
418,Dex.01.2_TTGGATTTCTTGCGAGCA
419,Dex.01.2_GAGGCCCGCATACATAGA
420,Dex.01.2_AGCACGTCATCAAGTAAA
421,Dex.01.2_CGTTATCGAAAGTATTTC
422,Dex.01.2_GCTCCCGAGCTTAGATGT
423,Dex.01.2_ATATACAGCACGTGAGAC
424,Dex.01.2_TTCTTGACAAGGGCCGTT
425,Dex.01.2_GTGGTGGCCAGAGCCGTT
426,Dex.01.2_GCTGAGAAAGAAAACGTG
427,Dex.01.2_CACTGTGGTGCTTTCTTG
428,Dex.01.2_ATACTTTGTGTACCGATG
429,Dex.01.2_CAAGTCCTGTGGTAGAGG
430,Dex.01.2_GAGCTTATTAGTGCTCCC
431,Dex.01.2_GGATTGCTAGGTGTACAG
432,Dex.01.2_CGAAAGCTGTGGGTTTCA
433,Dex.01.2_TGCGGTGGATTGCTAGGT
434,Dex.01.2_AGACCCATGAAGGTTAAC
435,Dex.01.2_AACGTGTTTGGGCTTGAA
436,Dex.01.2_CTTGAAGGTAGGAACAGC
437,Dex.01.2_GAGTGATAATAGGCTGAG
438,Dex.01.2_TAAGCTGTTTCACTGTGG
439,Dex.01.2_GCTCCCTGTGTACGGTCC
440,Dex.01.2_TGAGACCACCACGAAGGG
441,Dex.01.2_CTTGAATAGAGGCCTCTA
442,Dex.01.2_ACCCAAATGAAGGAGGCC
443,Dex.01.2_TGCTAAAAAGAATAATAG
444,Dex.01.2_CGAGCAAGTAAAAAGCCA
445,Dex.01.2_TCATCATTGCTCCATAGA
446,Dex.01.2_TACCGATCAGTGGAGGCC
447,Dex.01.2_TGTTCGCTTACGCTATTA
448,Dex.01.2_AGATGTCGGCGTCAAGTC
449,Dex.01.2_CAACCGCGCATACTTACG
450,Dex.01.2_AAAGAACGCATACAGACT
451,Dex.01.2_GTCGGCGGTAGGCTAGGT
452,Dex.01.2_TTGCTCAGTAAAAAGTAT
453,Dex.01.2_GTTAACAGACCCGATCAA
454,Dex.01.2_TTGGATACCTTCGCCAGA
455,Dex.01.2_GGGATCGCCAGAGATCAA
456,Dex.01.2_CTGTGGGTCCTAGCCAGA
457,Dex.01.2_TGCGGTGTTAACAGTCTG
458,Dex.01.2_CCACGCTAGAGGACAAGG
459,Dex.01.2_GCTTGTAGGTTATCCAAG
460,Dex.01.2_GAGGCCGAGCTTCTATTA
461,Dex.01.2_CGGCGTGAAGGGAAAGAA
462,Dex.01.2_CATAGATGAATTCTTGAA
463,Dex.01.2_TCGGGAAGTCTGCCGTAA
464,Dex.01.2_GCCGTTAACAGCGTCCTA
465,Dex.01.2_ATACTTCTGTGGGTTAAC
466,Dex.01.2_CCGATGAGTAAAGATCAA
467,Dex.01.2_CTCAATGTACAGCAGACT
468,Dex.01.2_GTTAACGCTTGTGGATTG
469,Dex.01.2_TTAAGAAGACCCCAGGAG
470,Dex.01.2_TTAAGATGCTAATTCTTG
471,Dex.01.2_AGGTTACGAAAGTAAGCT
472,Dex.01.2_GAGGCCGGATTGAACAGC
473,Dex.01.2_CTAGGTTGCTAAGAAATA
474,Dex.01.2_AGTCTGGCTGAGTTCGCA
475,Dex.01.2_CCGTAAGGCCATTATTTC
476,Dex.01.2_GAAGGGGAGCTTGAAGGG
477,Dex.01.2_CACCACAAGTATCAAGTC
478,Dex.01.2_CGGCGTAGTAAAAACAGC
479,Dex.01.2_TAATAGAGTCTGTCAGTG
480,Dex.01.2_AAGCCAAGCACGGCTCCC
481,Dex.01.2_CTCAATTACCGATTGGAT
482,Dex.01.2_TGCTAAAGCACGCCACGC
483,Dex.01.2_GTGGTGGGCCATTTTGGG
484,Dex.01.2_GTCCTACTTACGTCCAAG
485,Dex.01.2_AGCACGTTTGGGTTCTTG
486,Dex.01.2_GCTGAGCTTACGCTGTGG
487,Dex.01.2_CCGTAAAGACCCGGACGA
488,Dex.01.2_CTGTGGCTTACGTACCGA
489,Dex.01.2_ACAAGGATCCGGTCGCCT
490,Dex.01.2_ACGGACTCCAAGTCAGTG
491,Dex.01.2_GTGGTGGCTCCCGCTGAG
492,Dex.01.2_GGTGCTCAACCGGCGCGG
493,Dex.01.2_TGAATTCTATTACAACCG
494,Dex.01.2_TTCGCATAAGCTACCTTC
495,Dex.01.2_GTGGTGATTAGTAGCACG
496,Dex.01.2_TCGGGAAACGTGCAACCG
497,Dex.01.2_AGCACGCTATTACCGTAA
498,Dex.01.2_GTGGTGGTACAGCGGTCC
499,Dex.01.2_CGAAAGCTTACGACCTTC
500,Dex.01.2_ATACTTGGACGAGTCCTA
501,Dex.01.2_AAAGAAAAGTATTGCGGT
502,Dex.01.2_GAAGGGCAACCGAGGTTA
503,Dex.01.2_CCGATGCTCAATGAGTGA
504,Dex.01.2_GGTAGGTGTGTAAGCACG
505,Dex.01.2_CGCATAGCCAGAATACTT
506,Dex.01.2_TGAATTTCCAAGGGCCAT
507,Dex.01.2_AACGTGCAGGAGTGGCAG
508,Dex.01.2_CATAGACAGACTATTAGT
509,Dex.01.2_CATAGATTCGCACGGCGT
510,Dex.01.2_TAATAGTTTGGGAGATGT
511,Dex.01.2_CAGACTGCTGAGGCGAAT
512,Dex.01.2_TGGCAGGCGCGGCAGACT
513,Dex.01.2_TTGCTCTGCGGTCGAAAG
514,Dex.01.2_GAGGCCTCGCCTGTTAAC
515,Dex.01.2_TTGCTCTCATCAGTACAG
516,Dex.01.2_CGAGCATATTTCTAAGCT
517,Dex.01.2_ACCTTCAACAGCTCGCCT
518,Dex.01.2_GGGATCCTTGAATGGCAG
519,Dex.01.2_CCGATGAGCACGTCGGGA
520,Dex.01.2_CCTCTACACCACGGACGA
521,Dex.01.2_GAGTGAAGGTTAAGGTTA
522,Dex.01.2_ATACTTTGAGACTGAATT
523,Dex.01.2_ATGAAGAACAGCGTCCTA
524,Dex.01.2_GAGGCCGACTCGGAGGCC
525,Dex.01.2_TAAGCTCCGTAATGAGAC
526,Dex.01.2_AAAGAATTTGGGAGTAAA
527,Dex.01.2_CGGCGTAATTGGCTCAAT
528,Dex.01.2_TGGCAGTTAAGAAGATGT
529,Dex.01.2_GGGATCACGGACGGTAGG
530,Dex.01.2_GACTCGGGTAGGTAAGCT
531,Dex.01.2_ATACTTTGCTAACCTCTA
532,Dex.01.2_TGCTAATGCTAATGGCAG
533,Dex.01.2_ACCTTCCGAGCAAAGTAT
534,Dex.01.2_ACGGACACCTTCCCGTAA
535,Dex.01.2_CTGTGGCGGTCCAGCACG
536,Dex.01.2_CAACCGGCGAATAACGTG
537,Dex.01.2_GTTTCACATAGAGAAATA
538,Dex.01.2_GGCCATGGTAGGAACAGC
539,Dex.01.2_CACTGTCCTCTACACCAC
540,Dex.01.2_TCGGGAATGAAGCTTGAA
541,Dex.01.2_GAAATAAGTCTGGGTAGG
542,Dex.01.2_TGCGGTGTGGTGGTACAG
543,Dex.01.2_TGCTAATACCGAAGTCTG
544,Dex.01.2_GATCAAAATTGGAGCACG
545,Dex.01.2_CCTCTAACAAGGAGCACG
546,Dex.01.2_ATCCGGGGACGAAAGTAT
547,Dex.01.2_GAGCTTATCCGGAATTGG
548,Dex.01.2_ATCCGGCGTTATGGACGA
549,Dex.01.2_GAGGCCGGACGATGTTCG
550,Dex.01.2_ACAAGGTTCTTGATATAC
551,Dex.01.2_GAGTGACTCAATGTACAG
552,Dex.01.2_CCGTAAAACGTGTCTAGC
553,Dex.01.2_GCCAGAATGAAGGAAATA
554,Dex.01.2_TGTGTATGGCAGATAGCG
555,Dex.01.2_GCGCGGTTCTTGCCACGC
556,Dex.01.2_TGTTCGCTCAATGCCAGA
557,Dex.01.2_GTACAGACCTTCCTATTA
558,Dex.01.2_GTCGGCGCGCGGTGCGGT
559,Dex.01.2_ATCCGGGTCGGCGCCGTT
560,Dex.01.2_GCCAGATGCTAATTCTTG
561,Dex.01.2_ACAAGGCGGCGTTGAATT
562,Dex.01.2_GTTAACGGATTGCACCAC
563,Dex.01.2_CACCACACCTTCTCGCCT
564,Dex.01.2_CAGACTTTGCTCGGTAGG
565,Dex.01.2_AGACCCGCTTGTGGGATC
566,Dex.01.2_ATACTTATTAGTGTGGTG
567,Dex.01.2_CGGCGTTCATCACAGACT
568,Dex.01.2_TTCTTGACTGCATTAAGA
569,Dex.01.2_CACCACCTGTGGTAATAG
570,Dex.01.2_ACTGCACCGTAAACTGCA
571,Dex.01.2_GTACAGCAGGAGCGCATA
572,Dex.01.2_GAGCTTACTGCAAACAGC
573,Dex.01.2_ACTGCACGGTCCTCATCA
574,Dex.01.2_GAAGGGCGAAAGAATTGG
575,Dex.01.2_TTCTTGGCCGTTGACTCG
576,Dex.01.2_TCTAGCGCCGTTAGACCC
577,Dex.01.2_ATACTTATCCGGCTCAAT
578,Dex.01.2_TGCTAAATGAAGTTGCTC
579,Dex.01.2_ACAAGGATACTTATAGCG
580,Dex.01.2_GAGCTTCGGCGTGGTAGG
581,Dex.01.2_AAGCCAGGACGAAACAGC
582,Dex.01.2_CTATTACGGCGTGCGCGG
583,Dex.01.2_GCTTGTTGTTCGGTTAAC
584,Dex.01.2_GCGAATGCTCCCATCCGG
585,Dex.01.2_TGCGGTAGTCTGAAAGAA
586,Dex.01.2_AACAGCTGGCAGCCGATG
587,Dex.01.2_TAGAGGATATACGGCCAT
588,Dex.01.2_GGATTGCAGACTGAGGCC
589,Dex.01.2_ATGAAGCTAGGTTCGCCT
590,Dex.01.2_AAGTATAAGCCAAATTGG
591,Dex.01.2_AGTCTGTCATCAAAGCCA
592,Dex.01.2_CCGTAAAACGTGCAAGTC
593,Dex.01.2_ATAGCGGATCAACAACCG
594,Dex.01.2_GAGTGAGACTCGGGATTG
595,Dex.01.2_GGATTGGGCCATCTAGGT
596,Dex.01.2_TGGCAGGTACAGCATAGA
597,Dex.01.2_AGTCTGCTCAATCAGGAG
598,Dex.01.2_CGCATACCACGCAGACCC
599,Dex.01.2_TGCTAAGCGAATGGATTG
600,Dex.01.2_GGTGCTATTAGTAGATGT
601,Dex.01.2_CGTTATAATTGGTAATAG
602,Dex.01.2_GGTGCTACGGACCGGTCC
603,Dex.01.2_TGTGTATGGCAGGTTTCA
604,Dex.01.2_CGAGCACTTGAACCGATG
605,Dex.01.2_AAGCCAAGTAAAAAAGAA
606,Dex.01.2_GTGGTGAGATGTGGTGCT
607,Dex.01.2_TCGGGACACTGTGCGCGG
608,Dex.01.2_TGCGGTTGAGACTGTGTA
609,Dex.01.2_GTTTCATCGCCTCCTCTA
610,Dex.01.2_TGTTCGTTCTTGTCGGGA
611,Dex.01.2_GGTAGGGACTCGGGATTG
612,Dex.01.2_CAACCGAGTCTGAACGTG
613,Dex.01.2_ATCCGGCGGCGTCCGTAA
614,Dex.01.2_GAAGGGAAGCCATCATCA
615,Dex.01.2_ACGGACACAAGGCAGACT
616,Dex.01.2_GCCAGATGCGGTGATCAA
617,Dex.01.2_CCGATGGAGCTTTCCAAG
618,Dex.01.2_AAAGAATCATCATTCTTG
619,Dex.01.2_AACGTGTGAGACTTTGGG
620,Dex.01.2_CGCATATTGGATCAACCG
621,Dex.01.2_GAAATAAAGTATTGTTCG
622,Dex.01.2_ACTGCAGCTTGTACTGCA
623,Dex.01.2_CCGATGTTGGATGGTGCT
624,Dex.01.2_TGTTCGTTAAGATAGAGG
625,Dex.01.2_GGTAGGATAGCGAAGTAT
626,Dex.01.2_CGGCGTCACCACTAGAGG
627,Dex.01.2_TCCAAGGTTAACCAACCG
628,Dex.01.2_ACTGCATCGGGATCAGTG
629,Dex.01.2_GGGATCAACGTGGAGGCC
630,Dex.01.2_GGATTGTATTTCGCCGTT
631,Dex.01.2_CGAAAGAAAGAACAAGTC
632,Dex.01.2_GCCAGACTTACGCGGCGT
633,Dex.01.2_GGCCATTGCGGTCCACGC
634,Dex.01.2_CCGTAACAAGTCGATCAA
635,Dex.01.2_TCGGGAAAAGAAGTTTCA
636,Dex.01.2_GCTGAGTAAGCTTCGGGA
637,Dex.01.2_GTACAGCGCATATTAAGA
638,Dex.01.2_ATCCGGGCCAGATGTTCG
639,Dex.01.2_GTCGGCCGTTATAATTGG
640,Dex.01.2_AATTGGGTACAGCAGGAG
641,Dex.01.2_CCGTAAGAGGCCACCTTC
642,Dex.01.2_AACGTGTCGCCTCAGGAG
643,Dex.01.2_TAATAGGGACGACGAGCA
644,Dex.01.2_GCCGTTTAGAGGTACCGA
645,Dex.01.2_GCCGTTAGTCTGGTTAAC
646,Dex.01.2_CTCAATGCCGTTCACCAC
647,Dex.01.2_AACAGCTGTTCGCCGTAA
648,Dex.01.2_GCTTGTGTGGTGACCTTC
649,Dex.01.2_AACAGCCGAAAGGCTGAG
650,Dex.01.2_CAAGTCAATTGGCAGACT
651,Dex.01.2_AAGCCACGAAAGTCTAGC
652,Dex.01.2_CAGACTCAACCGACTGCA
653,Dex.01.2_CCTCTATAAGCTAAGTAT
654,Dex.01.2_AGTCTGCCTCTACGTTAT
655,Dex.01.2_CTTACGCAAGTCTCGCCT
656,Dex.01.2_TGTGTACATAGATAAGCT
657,Dex.01.2_GCGCGGCACTGTACCTTC
658,Dex.01.2_GGCCATTTGGATGGTGCT
659,Dex.01.2_GCGCGGCCGATGTCATCA
660,Dex.01.2_AGGTTAGCCAGATCATCA
661,Dex.01.2_GCGCGGACTGCATGCGGT
662,Dex.01.2_TGCGGTCACTGTGCCGTT
663,Dex.01.2_GGCCATTCCAAGCAACCG
664,Dex.01.2_GCGCGGATCCGGGGGATC
665,Dex.01.2_CCTCTATGAATTTGAGAC
666,Dex.01.2_GCGAATATACTTCGAGCA
667,Dex.01.2_ATAGCGGTGGTGCTAGGT
668,Dex.01.2_GAGCTTTAATAGATATAC
669,Dex.01.2_GGACGACATAGACTGTGG
670,Dex.01.2_CGGCGTGAGTGAAACAGC
671,Dex.01.2_GCTGAGAAGTATCTGTGG
672,Dex.01.2_CGGCGTCCACGCACCCAA
673,Dex.01.2_AGATGTCGCATAAACAGC
674,Dex.01.2_GATCAAGGGATCGAGCTT
675,Dex.01.2_GTTAACGACTCGGCTCCC
676,Dex.01.2_GAAGGGGCCAGAGAGGCC
677,Dex.01.2_CCACGCGCTCCCTACCGA
678,Dex.01.2_CATAGAAAGCCACGCATA
679,Dex.01.2_GTTAACATCCGGGAGCTT
680,Dex.01.2_GCGAATGCCGTTCCGTAA
681,Dex.01.2_AAGCCAGCCAGACAGGAG
682,Dex.01.2_CATAGAAACAGCGTTAAC
683,Dex.01.2_TCATCATGCTAACAGACT
684,Dex.01.2_AGTAAAAAAGAATTCTTG
685,Dex.01.2_TCAGTGTGCTAACTTGAA
686,Dex.01.2_TCCAAGAGGTTAGAGTGA
687,Dex.01.2_TGAGACCATAGAATACTT
688,Dex.01.2_GAAATAATATACGTGGTG
689,Dex.01.2_AACGTGGCGCGGGCTTGT
690,Dex.01.2_TCGCCTGACTCGCAAGTC
691,Dex.01.2_GGACGACGAGCACTTACG
692,Dex.01.2_GCTCCCGCTCCCGCGAAT
693,Dex.01.2_CAACCGGTGGTGGAGCTT
694,Dex.01.2_ACCCAAGTCGGCGAGTGA
695,Dex.01.2_AGCACGTCGGGAGCCAGA
696,Dex.01.2_TGAATTGTTAACGAAATA
697,Dex.01.2_TAAGCTGCCAGATTCTTG
698,Dex.01.2_AACGTGAAGTATGCCGTT
699,Dex.01.2_GCTTGTATCCGGCTTACG
700,Dex.01.2_TGCGGTAACGTGGAAATA
701,Dex.01.2_AGCACGCCGATGCCGTAA
702,Dex.01.2_GCCAGAATCCGGCATAGA
703,Dex.01.2_TGAATTCTTACGGGGATC
704,Dex.01.2_GCCGTTGCGCGGTGGCAG
705,Dex.01.2_ATCCGGGTCCTATAGAGG
706,Dex.01.2_AAGTATACCCAACGAAAG
707,Dex.01.2_CTGTGGCCGTAACACTGT
708,Dex.01.2_GTCGGCGATCAAGAAGGG
709,Dex.01.2_CGAGCAGGATTGCACCAC
710,Dex.01.2_TAATAGAGGTTAAGACCC
711,Dex.01.2_CTATTAGTACAGCCGTAA
712,Dex.01.2_TCGGGAAGGTTATGCTAA
713,Dex.01.2_TTGCTCGCGAATTCGCCT
714,Dex.01.2_CGGTCCGAGGCCAGTCTG
715,Dex.01.2_TGAGACCAGGAGGAAGGG
716,Dex.01.2_GTACAGGGATTGGGCCAT
717,Dex.01.2_ATATACAAAGAACAGACT
718,Dex.01.2_TCGGGAGCCGTTGACTCG
719,Dex.01.2_ACTGCAGTCCTACAACCG
720,Dex.01.2_CGCATACTTGAATACCGA
721,Dex.01.2_TGAATTGTGGTGCGAGCA
722,Dex.01.2_ATGAAGATAGCGTGGCAG
723,Dex.01.2_CCGTAACTTGAAAGCACG
724,Dex.01.2_TGAGACCAGACTGGCCAT
725,Dex.01.2_TTGCTCCGAAAGCGGTCC
726,Dex.01.2_GGCCATTTTGGGCTCAAT
727,Dex.01.2_CACTGTGTTAACTAGAGG
728,Dex.01.2_TGAATTTGTGTAGATCAA
729,Dex.01.2_GGTAGGAGGTTACAGACT
730,Dex.01.2_GTACAGGGTGCTTCAGTG
731,Dex.01.2_GATCAACGCATAGAAATA
732,Dex.01.2_CCGATGCACTGTGTCCTA
733,Dex.01.2_TAATAGGACTCGCAGGAG
734,Dex.01.2_TGAGACTTCGCAGAGTGA
735,Dex.01.2_TCATCATCCAAGGTCGGC
736,Dex.01.2_TAATAGCTCAATGCTCCC
737,Dex.01.2_CCTCTACGCATACTGTGG
738,Dex.01.2_AGGTTAGTTTCACAAGTC
739,Dex.01.2_GGGATCTATTTCGAGTGA
740,Dex.01.2_TGAGACGGTAGGCTGTGG
741,Dex.01.2_CACTGTAAGCCATGAATT
742,Dex.01.2_CGCATACTATTACGGCGT
743,Dex.01.2_GTCCTAGATCAAATACTT
744,Dex.01.2_TTCTTGTGCTAACAGACT
745,Dex.01.2_TCGCCTTGCGGTCTGTGG
746,Dex.01.2_CTGTGGGGTAGGAGATGT
747,Dex.01.2_TCGGGACAGGAGCACTGT
748,Dex.01.2_AGTCTGTTTGGGCGTTAT
749,Dex.01.2_TCAGTGTGAGACGTCCTA
750,Dex.01.2_TCGCCTAGACCCAATTGG
751,Dex.01.2_GAAGGGCTGTGGCAGGAG
752,Dex.01.2_CTATTAGTCGGCGAGCTT
753,Dex.01.2_TTGGATAACAGCCTCAAT
754,Dex.01.2_CAAGTCGAGGCCCTGTGG
755,Dex.01.2_CCGATGACCCAATCAGTG
756,Dex.01.2_GAGGCCCGAAAGTACCGA
757,Dex.01.2_GAGGCCATGAAGTCTAGC
758,Dex.01.2_TGCGGTTTGGATTGTGTA
759,Dex.01.2_GTCCTACGGTCCTTTGGG
760,Dex.01.2_GCGAATGGTAGGCGGCGT
761,Dex.01.2_CTTACGGTTTCATGGCAG
762,Dex.01.2_CTGTGGCAACCGCTTGAA
763,Dex.01.2_GGGATCATCCGGGCGAAT
764,Dex.01.2_CAAGTCGTACAGACCTTC
765,Dex.01.2_TCCAAGGACTCGAGTAAA
766,Dex.01.2_TAGAGGGCGAATGGATTG
767,Dex.01.2_GGCCATAAGTATAGACCC
768,Dex.01.2_GGGATCGAGCTTGGATTG
769,Dex.01.2_TTCGCAGCTGAGCACCAC
770,Dex.01.2_CAACCGGACTCGGCGAAT
771,Dex.01.2_AACGTGGTACAGATATAC
772,Dex.01.2_GGACGAATACTTGTTTCA
773,Dex.01.2_TTCTTGTGCGGTGGACGA
774,Dex.01.2_GGACGAATAGCGATCCGG
775,Dex.01.2_GGGATCTCATCATGCGGT
776,Dex.01.2_TCCAAGCCTCTACAAGTC
777,Dex.01.2_ATCCGGTCGGGACCACGC
778,Dex.01.2_TGTGTACCTCTAACCCAA
779,Dex.01.2_TTGCTCAAAGAAAGATGT
780,Dex.01.2_CTATTAGCCGTTCGGCGT
781,Dex.01.2_CGAGCAGAAATACATAGA
782,Dex.01.2_GGTAGGACTGCACCGATG
783,Dex.01.2_AAGTATGAGCTTTGAGAC
784,Dex.01.2_TAAGCTGAGTGAGCGCGG
785,Dex.01.2_ACAAGGGGACGACAAGTC
786,Dex.01.2_CATAGAAGCACGATCCGG
787,Dex.01.2_TGAATTGGTAGGGCGAAT
788,Dex.01.2_TTGCTCGCTGAGAAAGAA
789,Dex.01.2_TGTGTACATAGATACCGA
790,Dex.01.2_GCTGAGGCCGTTGAGTGA
791,Dex.01.2_ATACTTTACCGAGTACAG
792,Dex.01.2_CCGTAAGCTTGTGTGGTG
793,Dex.01.2_AAAGAACATAGAGAGGCC
794,Dex.01.2_CGCATAAGGTTATGCTAA
795,Dex.01.2_TAAGCTCGAAAGCCGATG
796,Dex.01.2_GCTCCCATCCGGGCCAGA
797,Dex.01.2_TGCGGTTTGGATTTAAGA
798,Dex.01.2_CATAGAAGACCCCAGGAG
799,Dex.01.2_AAGTATGCTCCCGGTAGG
800,Dex.02.2_CCGTAAATACTTTGCTAA
801,Dex.02.2_AGACCCTGAGACTGGCAG
802,Dex.02.2_CAACCGCTTACGTCGGGA
803,Dex.02.2_CCTCTAGGCCATATACTT
804,Dex.02.2_TCGCCTGGTAGGACGGAC
805,Dex.02.2_TATTTCCCTCTAGAGGCC
806,Dex.02.2_TTAAGACTAGGTAATTGG
807,Dex.02.2_TCGGGACCTCTAGAGTGA
808,Dex.02.2_AGCACGCAGGAGTTGGAT
809,Dex.02.2_GCTCCCGCTGAGCTATTA
810,Dex.02.2_TCCAAGCCACGCCCGATG
811,Dex.02.2_GGCCATATGAAGCACTGT
812,Dex.02.2_CTGTGGTTCTTGGCTCCC
813,Dex.02.2_CAACCGCTATTAGAGCTT
814,Dex.02.2_AACGTGCGGTCCCGGCGT
815,Dex.02.2_CCACGCTGTGTAGAAGGG
816,Dex.02.2_ATCCGGGCGCGGGTGGTG
817,Dex.02.2_TGAATTTCAGTGAAAGAA
818,Dex.02.2_GGTGCTCGAAAGCTAGGT
819,Dex.02.2_GAGGCCGGGATCACCCAA
820,Dex.02.2_GCCAGAGAGGCCCTCAAT
821,Dex.02.2_ATGAAGTCTAGCAGACCC
822,Dex.02.2_AACAGCAAGTATACAAGG
823,Dex.02.2_TGTGTATAATAGGGCCAT
824,Dex.02.2_GTCCTAAGTCTGGCGAAT
825,Dex.02.2_CACCACCGAAAGTCGGGA
826,Dex.02.2_GTTAACATATACGTGGTG
827,Dex.02.2_TCGGGAGCCAGAAGGTTA
828,Dex.02.2_CGAGCAACGGACGACTCG
829,Dex.02.2_GTACAGTAGAGGCCTCTA
830,Dex.02.2_ATGAAGCACTGTTCCAAG
831,Dex.02.2_GGATTGTTGGATCAGACT
832,Dex.02.2_TTAAGAACGGACGTTTCA
833,Dex.02.2_CGAAAGAGGTTAAAGCCA
834,Dex.02.2_CTATTACTGTGGATAGCG
835,Dex.02.2_TAGAGGGATCAAGCCAGA
836,Dex.02.2_CTTACGTAAGCTGCTTGT
837,Dex.02.2_AAGCCACCTCTATGAGAC
838,Dex.02.2_AGACCCTTCGCACTCAAT
839,Dex.02.2_AGGTTAACCTTCCGCATA
840,Dex.02.2_ACCTTCCCACGCTAAGCT
841,Dex.02.2_CGCATATCGGGAGCGCGG
842,Dex.02.2_AAGTATTCTAGCTAATAG
843,Dex.02.2_GAGTGAGGTAGGAGGTTA
844,Dex.02.2_CCACGCCGGTCCCGGTCC
845,Dex.02.2_GAGCTTGAGGCCGGTAGG
846,Dex.02.2_TGAATTCAGACTAGTCTG
847,Dex.02.2_TTCGCAGCCGTTCAGGAG
848,Dex.02.2_TGCTAACACTGTCTCAAT
849,Dex.02.2_CCTCTATGGCAGTGAATT
850,Dex.02.2_TGAGACGATCAATGAATT
851,Dex.02.2_GGCCATCAGGAGTTGCTC
852,Dex.02.2_TCGCCTGTTTCATTTGGG
853,Dex.02.2_ATGAAGCCGTAAGTCGGC
854,Dex.02.2_CGAGCATCGCCTTGCGGT
855,Dex.02.2_AACAGCTCGCCTTACCGA
856,Dex.02.2_ACGGACTCATCACGGCGT
857,Dex.02.2_CTGTGGGAAATAACCCAA
858,Dex.02.2_CCGTAAATATACTAGAGG
859,Dex.02.2_TAAGCTCAAGTCTTTGGG
860,Dex.02.2_TTGCTCTTCGCAACCTTC
861,Dex.02.2_TACCGAGAAATACATAGA
862,Dex.02.2_CCGTAAGTCCTACTGTGG
863,Dex.02.2_CCTCTACTTGAAATACTT
864,Dex.02.2_TTGGATGCTTGTGTCCTA
865,Dex.02.2_CTAGGTCATAGAAGATGT
866,Dex.02.2_GACTCGGCCGTTACCCAA
867,Dex.02.2_TCGGGAGGACGATACCGA
868,Dex.02.2_TAGAGGTACCGAGCGAAT
869,Dex.02.2_TTGCTCTACCGACGAAAG
870,Dex.02.2_GGATTGATTAGTCACTGT
871,Dex.02.2_CGGCGTCTTACGTTCTTG
872,Dex.02.2_AGTCTGTTGCTCAATTGG
873,Dex.02.2_GGACGATGAGACTCCAAG
874,Dex.02.2_TCTAGCTTAAGACAAGTC
875,Dex.02.2_TTCTTGCATAGAAAGCCA
876,Dex.02.2_CGGTCCGGTAGGATAGCG
877,Dex.02.2_CAGACTCACTGTAAAGAA
878,Dex.02.2_AGCACGAGTAAACTAGGT
879,Dex.02.2_GGCCATCAAGTCTCCAAG
880,Dex.02.2_TTTGGGAAAGAATTCGCA
881,Dex.02.2_ATAGCGAACGTGGCTGAG
882,Dex.02.2_AAGTATGCCAGACCGATG
883,Dex.02.2_GCTCCCTTGCTCTCCAAG
884,Dex.02.2_GTCGGCCCACGCTTGCTC
885,Dex.02.2_TGTGTAAGCACGGGTGCT
886,Dex.02.2_GCTTGTCGAAAGCAGACT
887,Dex.02.2_AACGTGCACCACACTGCA
888,Dex.02.2_CCACGCATATACTTGCTC
889,Dex.02.2_GGCCATCTTGAACTAGGT
890,Dex.02.2_CACCACCCGATGGCTGAG
891,Dex.02.2_CGCATATGTGTACTGTGG
892,Dex.02.2_GTCGGCTCAGTGGAAGGG
893,Dex.02.2_TGCGGTTAATAGACGGAC
894,Dex.02.2_TTAAGATTGCTCCACTGT
895,Dex.02.2_TTGGATTTGCTCATCCGG
896,Dex.02.2_AGATGTTCGGGAATATAC
897,Dex.02.2_GTGGTGGAGCTTGAAATA
898,Dex.02.2_GCCGTTCCGATGTGAGAC
899,Dex.02.2_AGACCCCCACGCACTGCA
900,Dex.02.2_CACTGTAGACCCTCGGGA
901,Dex.02.2_TGAGACCTTGAATAAGCT
902,Dex.02.2_TTGCTCAAGCCACTGTGG
903,Dex.02.2_AGATGTACCCAAAAAGAA
904,Dex.02.2_CCTCTAGCCGTTGTGGTG
905,Dex.02.2_CGAGCATAAGCTTCTAGC
906,Dex.02.2_TAAGCTGAGCTTTAATAG
907,Dex.02.2_CCTCTAACCTTCTGTTCG
908,Dex.02.2_GCGAATTTGCTCATTAGT
909,Dex.02.2_GCTGAGCTAGGTACCTTC
910,Dex.02.2_AACAGCCTCAATTTGGAT
911,Dex.02.2_AACGTGGCTGAGTGGCAG
912,Dex.02.2_ACAAGGGGACGAAAGCCA
913,Dex.02.2_CCGATGCCACGCGGCCAT
914,Dex.02.2_TAAGCTGGCCATAGACCC
915,Dex.02.2_CGAAAGATGAAGGGTAGG
916,Dex.02.2_GGATTGGGGATCATATAC
917,Dex.02.2_GCGCGGGGGATCACCCAA
918,Dex.02.2_AGATGTTCGCCTGGACGA
919,Dex.02.2_GTCGGCGTCCTAAAAGAA
920,Dex.02.2_ACAAGGCATAGATCTAGC
921,Dex.02.2_AGATGTGGACGATTGCTC
922,Dex.02.2_GTACAGGCGAATCTAGGT
923,Dex.02.2_GAGCTTTGAATTCGCATA
924,Dex.02.2_AGGTTATCGCCTTTCTTG
925,Dex.02.2_GCCAGACAACCGTCGGGA
926,Dex.02.2_TAGAGGTAAGCTAACGTG
927,Dex.02.2_TCCAAGACTGCACACTGT
928,Dex.02.2_TAGAGGACGGACACCTTC
929,Dex.02.2_CGAGCAGTTAACAGACCC
930,Dex.02.2_AAGTATGCGAATGAAATA
931,Dex.02.2_GTCCTAACAAGGCGAGCA
932,Dex.02.2_AGGTTACACCACCATAGA
933,Dex.02.2_CGTTATGTACAGTAATAG
934,Dex.02.2_ACCCAATTGCTCGACTCG
935,Dex.02.2_CATAGAAAAGAAGAGTGA
936,Dex.02.2_TTTGGGATCCGGCTGTGG
937,Dex.02.2_GCCAGAGCGAATGTTAAC
938,Dex.02.2_ACCCAAAACAGCTGAGAC
939,Dex.02.2_GAAATAAACGTGTTCTTG
940,Dex.02.2_AACGTGACCTTCCACTGT
941,Dex.02.2_TTAAGAACTGCAAACAGC
942,Dex.02.2_TACCGACTGTGGTAGAGG
943,Dex.02.2_GGTAGGAGTAAAGACTCG
944,Dex.02.2_GGTAGGAAGCCACGTTAT
945,Dex.02.2_CAGGAGGACTCGCAGACT
946,Dex.02.2_TGCTAAAGTCTGTTTGGG
947,Dex.02.2_TGAGACAAGCCAACCCAA
948,Dex.02.2_TGCTAACACCACCTGTGG
949,Dex.02.2_CCACGCGCTTGTAGTAAA
950,Dex.02.2_CGCATACCACGCTTTGGG
951,Dex.02.2_GGTAGGCACTGTTCAGTG
952,Dex.02.2_GCCGTTAGTAAATATTTC
953,Dex.02.2_TCCAAGGAGGCCACTGCA
954,Dex.02.2_ACAAGGTGCTAAGCTTGT
955,Dex.02.2_TGCGGTGATCAAGTGGTG
956,Dex.02.2_TGGCAGTGTTCGGAAATA
957,Dex.02.2_GGGATCACCCAATTGCTC
958,Dex.02.2_CTAGGTATAGCGCCGATG
959,Dex.02.2_GTTAACGACTCGGGGATC
960,Dex.02.2_TCTAGCTCCAAGCTATTA
961,Dex.02.2_ATAGCGTCGGGACCACGC
962,Dex.02.2_GCCAGAGCGCGGGTTTCA
963,Dex.02.2_AAGTATCTAGGTCAACCG
964,Dex.02.2_GGTGCTCGAAAGGAGGCC
965,Dex.02.2_ACGGACAGCACGCTATTA
966,Dex.02.2_CGGTCCAGACCCAGACCC
967,Dex.02.2_CTATTACGGCGTATAGCG
968,Dex.02.2_ACGGACAGATGTTCCAAG
969,Dex.02.2_TCGGGACACTGTAGATGT
970,Dex.02.2_CACCACCCACGCTTGCTC
971,Dex.02.2_AAAGAACCTCTAGTCCTA
972,Dex.02.2_AACGTGTATTTCACAAGG
973,Dex.02.2_TAATAGTCGCCTGTGGTG
974,Dex.02.2_TCGCCTACTGCACTATTA
975,Dex.02.2_TAGAGGAGACCCTGCGGT
976,Dex.02.2_TTGGATCGGTCCTTCTTG
977,Dex.02.2_CCGTAATAGAGGAGGTTA
978,Dex.02.2_TGGCAGACGGACGTCGGC
979,Dex.02.2_CTTGAAGCTTGTAACGTG
980,Dex.02.2_TCTAGCAGTAAAGCCGTT
981,Dex.02.2_ACAAGGAAAGAAGCCGTT
982,Dex.02.2_GGACGATGGCAGGAAGGG
983,Dex.02.2_AGGTTATTGCTCTGAATT
984,Dex.02.2_CGGCGTACGGACCTATTA
985,Dex.02.2_TGAGACATTAGTTGAATT
986,Dex.02.2_ATTAGTAGACCCCTTGAA
987,Dex.02.2_GTACAGGAGTGAGGTAGG
988,Dex.02.2_TCAGTGGTCGGCTAATAG
989,Dex.02.2_TTAAGACGTTATTTAAGA
990,Dex.02.2_AGGTTACAAGTCTTCGCA
991,Dex.02.2_GATCAAGGACGAGGGATC
992,Dex.02.2_GGACGACCGTAAATAGCG
993,Dex.02.2_AACGTGGAAATAGGATTG
994,Dex.02.2_TGCTAAAGACCCATAGCG
995,Dex.02.2_GCTCCCTCGGGAGTGGTG
996,Dex.02.2_CTATTAGGTAGGCTCAAT
997,Dex.02.2_GCTGAGGCGCGGAACGTG
998,Dex.02.2_GCCGTTAGTAAATTCTTG
999,Dex.02.2_GTCGGCGACTCGATAGCG
1000,Dex.02.2_AATTGGCTTACGCAGACT
1001,Dex.02.2_CGGCGTAAGCCAGTCGGC
1002,Dex.02.2_CTATTAGAGTGATAAGCT
1003,Dex.02.2_TGCTAACTTACGACCTTC
1004,Dex.02.2_CATAGAGCGCGGGGTGCT
1005,Dex.02.2_GGTGCTACGGACGAAATA
1006,Dex.02.2_GAGCTTCCGTAAACTGCA
1007,Dex.02.2_ACCTTCCGGTCCGACTCG
1008,Dex.02.2_AGCACGAGGTTATGCTAA
1009,Dex.02.2_GCCGTTCTTGAAGAAGGG
1010,Dex.02.2_CATAGATCATCACGGTCC
1011,Dex.02.2_GTACAGTGTGTACCGTAA
1012,Dex.02.2_GGTGCTGTTAACTTCGCA
1013,Dex.02.2_TCATCAACCTTCAGACCC
1014,Dex.02.2_GTTTCATATTTCCCTCTA
1015,Dex.02.2_CGGCGTGTCGGCTCGCCT
1016,Dex.02.2_GAGTGACACTGTTGCGGT
1017,Dex.02.2_CAGACTCATAGAAATTGG
1018,Dex.02.2_TGCTAATGTGTAGAAGGG
1019,Dex.02.2_CGAGCAACGGACTAATAG
1020,Dex.02.2_TGTGTATGCGGTTTGCTC
1021,Dex.02.2_GAGTGACCTCTACAGACT
1022,Dex.02.2_TACCGAGGTAGGAGATGT
1023,Dex.02.2_ACCTTCCGGTCCTCTAGC
1024,Dex.02.2_ACAAGGCACTGTTTTGGG
1025,Dex.02.2_GGGATCCACCACGCGAAT
1026,Dex.02.2_GTTTCAGTCCTACCACGC
1027,Dex.02.2_AGCACGTGAGACTCGGGA
1028,Dex.02.2_GTACAGGAGGCCGCGCGG
1029,Dex.02.2_TTCGCACACCACTAAGCT
1030,Dex.02.2_ACCTTCCGAGCAGCTTGT
1031,Dex.02.2_TGCTAAGAAATAGATCAA
1032,Dex.02.2_AACGTGCCGATGGTTTCA
1033,Dex.02.2_TCGCCTCAAGTCCTGTGG
1034,Dex.02.2_GAGTGAGCTGAGACGGAC
1035,Dex.02.2_ACTGCATAAGCTTTAAGA
1036,Dex.02.2_TAATAGAAAGAAGTCGGC
1037,Dex.02.2_AGTCTGCTCAATCTTGAA
1038,Dex.02.2_TGAATTTACCGAAGACCC
1039,Dex.02.2_ACCCAAAATTGGTACCGA
1040,Dex.02.2_CAAGTCTTTGGGTGCTAA
1041,Dex.02.2_TAATAGCCTCTAAGTAAA
1042,Dex.02.2_TGCGGTATGAAGCAAGTC
1043,Dex.02.2_CTAGGTCAAGTCTCTAGC
1044,Dex.02.2_GAGGCCCATAGATGGCAG
1045,Dex.02.2_TCAGTGATCCGGAGTAAA
1046,Dex.02.2_TGCGGTCGGTCCGAGTGA
1047,Dex.02.2_TACCGATAAGCTGGACGA
1048,Dex.02.2_AACGTGCGTTATTGCGGT
1049,Dex.02.2_GGTGCTACAAGGTCGCCT
1050,Dex.02.2_CGCATATGAGACTTGGAT
1051,Dex.02.2_CCGATGGTGGTGACCTTC
1052,Dex.02.2_CTGTGGCAGGAGCAGGAG
1053,Dex.02.2_TCAGTGGCCAGAGCCGTT
1054,Dex.02.2_TTCGCAGATCAAGAGTGA
1055,Dex.02.2_GAGTGAATGAAGTGCGGT
1056,Dex.02.2_AAAGAAGAAGGGTGCTAA
1057,Dex.02.2_TAAGCTGTCCTAAAGCCA
1058,Dex.02.2_ATGAAGGGGATCTTCTTG
1059,Dex.02.2_CTGTGGGTCGGCGTTAAC
1060,Dex.02.2_GCGAATCTGTGGCTATTA
1061,Dex.02.2_GCTTGTGAGCTTTTGCTC
1062,Dex.02.2_GTTTCAAGGTTACTGTGG
1063,Dex.02.2_AAGTATCACTGTACAAGG
1064,Dex.02.2_GCTTGTCGGTCCTCGCCT
1065,Dex.02.2_CAGACTTGCGGTACCCAA
1066,Dex.02.2_AACGTGCTGTGGCACCAC
1067,Dex.02.2_GCGCGGGACTCGAACAGC
1068,Dex.02.2_TCAGTGTGCTAAACCCAA
1069,Dex.02.2_AACGTGCACTGTAGTAAA
1070,Dex.02.2_ATTAGTAAGTATTGCGGT
1071,Dex.02.2_GTCCTATACCGAAACGTG
1072,Dex.02.2_TTCGCACGGCGTCGAGCA
1073,Dex.02.2_ATCCGGACTGCATTAAGA
1074,Dex.02.2_CCTCTAAACAGCCGCATA
1075,Dex.02.2_AGTCTGGCCGTTCTAGGT
1076,Dex.02.2_TTTGGGAAGTATTCCAAG
1077,Dex.02.2_TGCGGTGTACAGGCTGAG
1078,Dex.02.2_CCACGCCTAGGTATCCGG
1079,Dex.02.2_GAGCTTAGGTTAGTTAAC
1080,Dex.02.2_TACCGATGAGACCCACGC
1081,Dex.02.2_TGTTCGCTCAATACTGCA
1082,Dex.02.2_TGAGACTCCAAGCTCAAT
1083,Dex.02.2_AGTAAATCATCAGCGAAT
1084,Dex.02.2_GCCAGAAAAGAAAGGTTA
1085,Dex.02.2_CGGCGTAAAGAAGCCGTT
1086,Dex.02.2_AACGTGTGCTAATCATCA
1087,Dex.02.2_TCGGGAGGTGCTCGGTCC
1088,Dex.02.2_TGTTCGGTCCTAATACTT
1089,Dex.02.2_GGTGCTGACTCGGGACGA
1090,Dex.02.2_TTGCTCGCCGTTAATTGG
1091,Dex.02.2_CAACCGAGTAAATGCGGT
1092,Dex.02.2_GGACGAGCGAATCTATTA
1093,Dex.02.2_ATCCGGTCGGGACCTCTA
1094,Dex.02.2_GGTGCTTTCGCACAAGTC
1095,Dex.02.2_GAGCTTATCCGGGTACAG
1096,Dex.02.2_AGCACGGCCGTTTGCGGT
1097,Dex.02.2_CACTGTTCAGTGGAGGCC
1098,Dex.02.2_TATTTCGCGCGGATTAGT
1099,Dex.02.2_AGATGTGGTGCTTTGGAT
1100,Dex.02.2_CTCAATCTATTATTGGAT
1101,Dex.02.2_TGTTCGGCTCCCATCCGG
1102,Dex.02.2_GAGCTTTGTTCGCCGATG
1103,Dex.02.2_GCGAATGATCAATAGAGG
1104,Dex.02.2_GCCAGAGGTGCTGCCAGA
1105,Dex.02.2_CGAAAGAATTGGGGTGCT
1106,Dex.02.2_TACCGAAGCACGTGGCAG
1107,Dex.02.2_CTCAATATTAGTGCGAAT
1108,Dex.02.2_TATTTCGCGCGGGCCGTT
1109,Dex.02.2_GTACAGCCGTAACGGTCC
1110,Dex.02.2_GACTCGAGGTTAATTAGT
1111,Dex.02.2_CCACGCATGAAGCTAGGT
1112,Dex.02.2_AACAGCACAAGGTGAATT
1113,Dex.02.2_CGGTCCATACTTCCTCTA
1114,Dex.02.2_GACTCGCGAGCATGAATT
1115,Dex.02.2_TCTAGCTCAGTGTGTTCG
1116,Dex.02.2_ATACTTACGGACGCTCCC
1117,Dex.02.2_CTGTGGCTTACGTGTGTA
1118,Dex.02.2_TATTTCTTCTTGAACAGC
1119,Dex.02.2_CTTGAAGTTAACTGCTAA
1120,Dex.02.2_CACCACGTTAACCTTGAA
1121,Dex.02.2_CACTGTGTACAGTGGCAG
1122,Dex.02.2_CGGCGTCGCATAACGGAC
1123,Dex.02.2_ACCTTCTGCGGTACCCAA
1124,Dex.02.2_GGTGCTTCAGTGGGCCAT
1125,Dex.02.2_ACTGCACCGATGGGCCAT
1126,Dex.02.2_TGTGTACGTTATCGTTAT
1127,Dex.02.2_TGTTCGGGTGCTACAAGG
1128,Dex.02.2_CAGGAGGAGCTTACCCAA
1129,Dex.02.2_GCGAATGCCAGAACCTTC
1130,Dex.02.2_TTAAGACGAGCAGCTCCC
1131,Dex.02.2_TTGGATTACCGACGAGCA
1132,Dex.02.2_TTTGGGGTGGTGACAAGG
1133,Dex.02.2_GCTGAGCGGCGTATGAAG
1134,Dex.02.2_ACAAGGAGATGTGAGCTT
1135,Dex.02.2_ACCCAACCGATGAGTCTG
1136,Dex.02.2_GTACAGGCGCGGCAAGTC
1137,Dex.02.2_CAGACTCCACGCAGGTTA
1138,Dex.02.2_TTTGGGACCTTCTGAGAC
1139,Dex.02.2_TTGCTCATAGCGATTAGT
1140,Dex.02.2_TATTTCATATACGAAATA
1141,Dex.02.2_ACCTTCGCCGTTTTAAGA
1142,Dex.02.2_GGGATCTACCGAGCCAGA
1143,Dex.02.2_ACTGCATGTTCGCACTGT
1144,Dex.02.2_TCATCAGGTAGGGATCAA
1145,Dex.02.2_CGGTCCACGGACTGCTAA
1146,Dex.02.2_TTAAGAGCTGAGAGCACG
1147,Dex.02.2_AACGTGTCCAAGTTGCTC
1148,Dex.02.2_AGGTTAGGCCATCAACCG
1149,Dex.02.2_GCTCCCGAGCTTGTTTCA
1150,Dex.02.2_TTGCTCATTAGTCACCAC
1151,Dex.02.2_GTACAGTAATAGGCTCCC
1152,Dex.02.2_CGAAAGATAGCGAATTGG
1153,Dex.02.2_TGCTAAGTACAGCACTGT
1154,Dex.02.2_GGGATCCTTACGGCTCCC
1155,Dex.02.2_AGTCTGCCGTAATAATAG
1156,Dex.02.2_AGGTTACGTTATTGCTAA
1157,Dex.02.2_TAAGCTCTCAATTGGCAG
1158,Dex.02.2_TTGCTCCTCAATCTTACG
1159,Dex.02.2_TAATAGTGCGGTTGGCAG
1160,Dex.02.2_CGCATATTGCTCCGTTAT
1161,Dex.02.2_TTGGATTTAAGATGGCAG
1162,Dex.02.2_ATACTTCAACCGAAAGAA
1163,Dex.02.2_GCGCGGGACTCGACTGCA
1164,Dex.02.2_TGAGACATCCGGTCCAAG
1165,Dex.02.2_CATAGATGAGACATTAGT
1166,Dex.02.2_TTGGATAATTGGTCAGTG
1167,Dex.02.2_ATAGCGGCTCCCCGGTCC
1168,Dex.02.2_AGTCTGATAGCGGAAATA
1169,Dex.02.2_TCCAAGTGCGGTAGACCC
1170,Dex.02.2_GGTGCTAAGTATGATCAA
1171,Dex.02.2_CGGCGTCGCATAAAAGAA
1172,Dex.02.2_GAGTGATTGCTCAGACCC
1173,Dex.02.2_GAGGCCTCAGTGTTGGAT
1174,Dex.02.2_ACTGCAACCCAACGCATA
1175,Dex.02.2_TCCAAGTCTAGCGTTTCA
1176,Dex.02.2_AGATGTGACTCGCTAGGT
1177,Dex.02.2_TGGCAGACGGACACAAGG
1178,Dex.02.2_AGACCCCTATTAGTTTCA
1179,Dex.02.2_GATCAACGTTATCAGACT
1180,Dex.02.2_ATCCGGGGGATCTCAGTG
1181,Dex.02.2_TGCGGTTTCTTGGCGCGG
1182,Dex.02.2_ATCCGGCACTGTTTCGCA
1183,Dex.02.2_GGTGCTGCGCGGATCCGG
1184,Dex.02.2_TATTTCCGGCGTCGGCGT
1185,Dex.02.2_AACGTGAACAGCGAGCTT
1186,Dex.02.2_ATGAAGCGAAAGACCCAA
1187,Dex.02.2_AGGTTAGAGGCCCTCAAT
1188,Dex.02.2_GAGTGACACTGTCAGACT
1189,Dex.02.2_TCATCAAATTGGACCCAA
1190,Dex.02.2_AATTGGGTTAACTTAAGA
1191,Dex.02.2_AGTAAATCCAAGGTTTCA
1192,Dex.02.2_CGTTATGGGATCTAATAG
1193,Dex.02.2_AGTCTGCATAGAAGGTTA
1194,Dex.02.2_AGTAAAATTAGTAGATGT
1195,Dex.02.2_TAAGCTTACCGATTTGGG
1196,Dex.02.2_GTGGTGAAAGAACTAGGT
1197,Dex.02.2_CGAGCATGTTCGGAAGGG
1198,Dex.02.2_GGATTGTTGGATCAGGAG
1199,Dex.02.2_AGCACGAGACCCCGGTCC
1200,Dex.04.2_TGTTCGTGTGTACGCATA
1201,Dex.04.1_TAAGCTGAGCTTAGCACG
1202,Dex.04.1_CGAGCACTTACGTACCGA
1203,Dex.04.1_GAAATACGTTATAGACCC
1204,Dex.04.2_TGCGGTGGGATCGAGTGA
1205,Dex.04.1_AGTCTGTAAGCTTAATAG
1206,Dex.04.1_CGGTCCGCTGAGTTGGAT
1207,Dex.04.1_AGTAAACGGTCCGGATTG
1208,Dex.04.2_ATCCGGTGTTCGAGTAAA
1209,Dex.04.1_CTGTGGCAAGTCATACTT
1210,Dex.04.2_ATAGCGCAAGTCCAAGTC
1211,Dex.04.1_CTTGAACTAGGTAGGTTA
1212,Dex.04.1_TACCGAGAGTGAGGGATC
1213,Dex.04.1_GGTGCTTCGCCTTAGAGG
1214,Dex.04.2_TCAGTGGACTCGTAGAGG
1215,Dex.04.1_ATGAAGTCAGTGTTTGGG
1216,Dex.04.1_GAGGCCTTTGGGTGCTAA
1217,Dex.04.1_CGGCGTGAAATACCACGC
1218,Dex.04.2_GAAATACGCATACCGATG
1219,Dex.04.2_TCCAAGCTTGAAGTTAAC
1220,Dex.04.1_TTTGGGTGAATTCTATTA
1221,Dex.04.2_CAGACTTAAGCTAGTAAA
1222,Dex.04.1_CGCATAACTGCAGCGCGG
1223,Dex.04.2_ATAGCGTCCAAGGAAATA
1224,Dex.04.2_GTCGGCTGCTAACGAAAG
1225,Dex.04.1_TTGCTCCCGATGGACTCG
1226,Dex.04.1_AACGTGTGTTCGAAGCCA
1227,Dex.04.1_CGCATACCTCTAGTACAG
1228,Dex.04.1_GCTCCCTAATAGACCTTC
1229,Dex.04.1_GCCAGATTCTTGCAGACT
1230,Dex.04.1_AGATGTCCGATGATATAC
1231,Dex.04.2_TTGCTCTGAGACTACCGA
1232,Dex.04.2_AGATGTTGAATTAACGTG
1233,Dex.04.2_AATTGGACGGACCACTGT
1234,Dex.04.2_ATAGCGCCTCTAGGGATC
1235,Dex.04.1_TTCGCATGGCAGAAGCCA
1236,Dex.04.1_CAAGTCCTGTGGGGCCAT
1237,Dex.04.2_TCTAGCCACCACGAAGGG
1238,Dex.04.2_CTATTACGAGCATTTGGG
1239,Dex.04.1_GTCCTACGTTATAACAGC
1240,Dex.04.1_CCACGCCCTCTAACAAGG
1241,Dex.04.1_CTGTGGGTACAGGACTCG
1242,Dex.04.2_TTTGGGTTCGCATTGCTC
1243,Dex.04.1_ACGGACTCCAAGAAAGAA
1244,Dex.04.2_AGGTTAGCCAGATCTAGC
1245,Dex.04.1_CCACGCCGCATACGAGCA
1246,Dex.04.2_CTTACGCTAGGTGAAATA
1247,Dex.04.2_TTGGATGTTAACTTCGCA
1248,Dex.04.1_CGAAAGTATTTCACGGAC
1249,Dex.04.2_ATAGCGTCAGTGTGTTCG
1250,Dex.04.2_AAGCCAGAGTGAGTGGTG
1251,Dex.04.2_GCCGTTCTATTAATATAC
1252,Dex.04.1_GCTGAGTGCGGTAAGCCA
1253,Dex.04.2_ACTGCACAAGTCTCTAGC
1254,Dex.04.1_AGGTTAGAGTGAATATAC
1255,Dex.04.2_ACCTTCCCGATGTCGCCT
1256,Dex.04.2_ACCCAACTCAATGTGGTG
1257,Dex.04.1_TCCAAGCGGTCCTGGCAG
1258,Dex.04.2_TCAGTGATAGCGGATCAA
1259,Dex.04.2_CCTCTATGAGACGGATTG
1260,Dex.04.1_GAGCTTCGGTCCGCTCCC
1261,Dex.04.2_GTCGGCTTCTTGCCGATG
1262,Dex.04.1_TATTTCGAGCTTCACCAC
1263,Dex.04.2_GATCAACACCACTTGGAT
1264,Dex.04.2_CGTTATAAGTATTCGGGA
1265,Dex.04.1_TAATAGTTAAGAGATCAA
1266,Dex.04.1_TTGCTCTCGCCTGAGCTT
1267,Dex.04.2_AACGTGTTGCTCCAAGTC
1268,Dex.04.2_TTGCTCTAGAGGAACAGC
1269,Dex.04.1_AGGTTAGCGAATAAGTAT
1270,Dex.04.2_CTCAATAATTGGTCTAGC
1271,Dex.04.2_GCTTGTCTAGGTCAGGAG
1272,Dex.04.2_TCGCCTAAGCCAGGACGA
1273,Dex.04.2_TACCGATCAGTGTTGGAT
1274,Dex.04.2_TGCTAAACTGCACGGTCC
1275,Dex.04.2_TTAAGATTGCTCGTCGGC
1276,Dex.04.1_CAACCGCCGTAAGTCGGC
1277,Dex.04.1_TGTGTACTAGGTAAGTAT
1278,Dex.04.2_ATTAGTCCTCTAGCTGAG
1279,Dex.04.1_CGCATAAGTAAAGTTTCA
1280,Dex.04.1_CGAAAGCTTACGACAAGG
1281,Dex.04.1_ATGAAGGCGCGGGGTAGG
1282,Dex.04.1_CCACGCACAAGGCCACGC
1283,Dex.04.2_GCGAATTTCTTGGACTCG
1284,Dex.04.1_TAGAGGAGTCTGCGAAAG
1285,Dex.04.2_GCTGAGCGGTCCGAGCTT
1286,Dex.04.2_GAGCTTCTTACGTAAGCT
1287,Dex.04.2_TACCGAGCGAATTCCAAG
1288,Dex.04.2_AGTCTGTGTGTAGGTGCT
1289,Dex.04.2_CAGACTAGGTTACACCAC
1290,Dex.04.2_CTCAATTTAAGATTTGGG
1291,Dex.04.1_ACAAGGCAGACTATGAAG
1292,Dex.04.2_GACTCGAAAGAATATTTC
1293,Dex.04.2_CACCACCGAAAGGAGCTT
1294,Dex.04.1_TAGAGGCGGCGTGGTAGG
1295,Dex.04.1_CTTACGAGTCTGTGAATT
1296,Dex.04.1_AACAGCGGTGCTTTAAGA
1297,Dex.04.1_TAAGCTAAGCCACTGTGG
1298,Dex.04.2_CGTTATTCGCCTCTCAAT
1299,Dex.04.2_ACCTTCACCCAAATCCGG
1300,Dex.04.2_TAAGCTTGTTCGGTCCTA
1301,Dex.04.1_TTCTTGCAGACTTTCGCA
1302,Dex.04.1_TTCGCATAAGCTGCCAGA
1303,Dex.04.2_CGGTCCTTCGCAAACAGC
1304,Dex.04.1_AGTCTGATATACCAGGAG
1305,Dex.04.1_CTTGAAGAGCTTGCCAGA
1306,Dex.04.1_GGACGATGAGACCGGCGT
1307,Dex.04.1_CTTACGTCTAGCTATTTC
1308,Dex.04.1_CCGTAAATATACGCTGAG
1309,Dex.04.2_AAGCCACACCACGCTCCC
1310,Dex.04.1_TGAATTCGCATAACCCAA
1311,Dex.04.2_CTCAATGGGATCCTCAAT
1312,Dex.04.2_CCTCTAAGTCTGACCTTC
1313,Dex.04.1_GCTTGTACTGCACTAGGT
1314,Dex.04.2_CTATTACACCACCGTTAT
1315,Dex.04.2_TAATAGTTTGGGAGATGT
1316,Dex.04.2_ACAAGGGCGCGGAAAGAA
1317,Dex.04.1_CAGGAGAGGTTACCGATG
1318,Dex.04.1_CCGTAAATACTTGTTTCA
1319,Dex.04.1_CTATTACACCACGTCCTA
1320,Dex.04.2_CGGCGTCTCAATAGATGT
1321,Dex.04.1_GGTGCTCGAGCAACTGCA
1322,Dex.04.2_GCTCCCGCCAGATATTTC
1323,Dex.04.2_TCCAAGTTAAGATGCTAA
1324,Dex.04.2_GTCCTAGCCAGATGCTAA
1325,Dex.04.2_CCGTAACTAGGTCCGATG
1326,Dex.04.1_GCCAGATTTGGGTAATAG
1327,Dex.04.1_AACGTGTGCTAAATAGCG
1328,Dex.04.2_ATATACCGTTATGGACGA
1329,Dex.04.2_TTTGGGGCTCCCATTAGT
1330,Dex.04.2_GATCAACATAGACTTGAA
1331,Dex.04.1_AGCACGTTCTTGAGACCC
1332,Dex.04.1_TAGAGGGAGGCCAATTGG
1333,Dex.04.2_GATCAACGAGCACTTGAA
1334,Dex.04.2_ATGAAGAGTAAAAACGTG
1335,Dex.04.1_GATCAAGTCGGCATTAGT
1336,Dex.04.2_AACGTGTGCGGTTTGCTC
1337,Dex.04.2_GACTCGTGAATTGAAATA
1338,Dex.04.1_TAATAGAAGTATACCCAA
1339,Dex.04.1_GCTCCCCTTACGCCTCTA
1340,Dex.04.2_TTGCTCCTATTAGAGTGA
1341,Dex.04.1_GTCGGCCTTGAATCGCCT
1342,Dex.04.2_CTAGGTTGCTAAACTGCA
1343,Dex.04.1_CACTGTCTTACGCACTGT
1344,Dex.04.2_AGATGTTGTGTATTTGGG
1345,Dex.04.1_AAAGAACATAGATCCAAG
1346,Dex.04.1_GCCGTTTGAGACAGATGT
1347,Dex.04.2_GCTTGTACTGCAACAAGG
1348,Dex.04.1_AACGTGAAGCCACAACCG
1349,Dex.04.2_TGCGGTCTTGAACGCATA
1350,Dex.04.1_CGGCGTATATACCTTACG
1351,Dex.04.2_GGGATCTCATCACTTACG
1352,Dex.04.1_TCGGGAACCCAAGCTGAG
1353,Dex.04.2_ACCCAACGTTATCCGTAA
1354,Dex.04.1_AACAGCAGACCCAACAGC
1355,Dex.04.1_GAGCTTACCCAACAGGAG
1356,Dex.04.2_GGATTGCTCAATACGGAC
1357,Dex.04.2_CAGGAGAGTAAATAATAG
1358,Dex.04.1_AGACCCCTAGGTGTTAAC
1359,Dex.04.2_CGAAAGTAAGCTCTATTA
1360,Dex.04.1_ATCCGGCACCACAAGTAT
1361,Dex.04.1_GGTGCTGAGCTTGAAATA
1362,Dex.04.2_GCCAGATACCGAGCGAAT
1363,Dex.04.1_TTAAGACGTTATGAGGCC
1364,Dex.04.1_AACGTGAAGTATGGTAGG
1365,Dex.04.2_GCTGAGGAGTGAGAAGGG
1366,Dex.04.2_CAGGAGGATCAATCCAAG
1367,Dex.04.1_AGGTTACACCACTGCGGT
1368,Dex.04.1_GCTGAGGTGGTGCGAGCA
1369,Dex.04.1_TATTTCTCAGTGGAGTGA
1370,Dex.04.2_AGATGTCTGTGGCAGACT
1371,Dex.04.2_CCACGCCGAAAGAGGTTA
1372,Dex.04.2_CCTCTAGAGGCCCGTTAT
1373,Dex.04.2_GTCGGCACCTTCACTGCA
1374,Dex.04.1_CAGGAGTATTTCCTTACG
1375,Dex.04.1_AATTGGTGTTCGTGTGTA
1376,Dex.04.1_CTAGGTCAACCGAACAGC
1377,Dex.04.2_GACTCGCGAGCATGTTCG
1378,Dex.04.1_AAAGAACCGATGTGAGAC
1379,Dex.04.1_CGGCGTGGATTGGAAGGG
1380,Dex.04.2_GTTTCAACCCAAGCGAAT
1381,Dex.04.1_CAACCGGAAATAAGTAAA
1382,Dex.04.2_ACCCAACAAGTCAAGCCA
1383,Dex.04.1_TATTTCACCTTCTTGGAT
1384,Dex.04.2_AGCACGTAGAGGATAGCG
1385,Dex.04.1_GACTCGAACGTGGGGATC
1386,Dex.04.2_GCGCGGCACCACCGAAAG
1387,Dex.04.1_GAAATAGACTCGTCGGGA
1388,Dex.04.1_TGAATTAACAGCCGAAAG
1389,Dex.04.1_AGCACGATAGCGAATTGG
1390,Dex.04.2_ACGGACGCGCGGTCATCA
1391,Dex.04.1_CCACGCCGCATAATTAGT
1392,Dex.04.1_TGAATTACGGACTGCTAA
1393,Dex.04.2_CATAGAAAAGAAGCGCGG
1394,Dex.04.1_GAGGCCTGTGTAAGGTTA
1395,Dex.04.2_ACTGCAGTTTCAGTTTCA
1396,Dex.04.2_CAACCGTTAAGATCTAGC
1397,Dex.04.1_CTCAATCGCATACGTTAT
1398,Dex.04.2_ACCTTCGTTTCACATAGA
1399,Dex.04.2_GCGCGGAACGTGACCCAA
1400,Dex.04.1_TGAGACGGGATCGTCCTA
1401,Dex.04.2_GAAGGGAGATGTATATAC
1402,Dex.04.1_CGAAAGCTTGAACCACGC
1403,Dex.04.1_CGGCGTCACTGTCCTCTA
1404,Dex.04.1_TAAGCTGAGTGATGGCAG
1405,Dex.04.1_GTGGTGATACTTGTCCTA
1406,Dex.04.2_GTTAACACCCAAGAGCTT
1407,Dex.04.2_GTACAGAGCACGGCGAAT
1408,Dex.04.2_TCGGGAGCGAATACCTTC
1409,Dex.04.2_CCGATGGACTCGGCGCGG
1410,Dex.04.1_GAGGCCAATTGGGTCCTA
1411,Dex.04.2_AGACCCTGTGTAAAGTAT
1412,Dex.04.2_GGACGAAGTAAAGGGATC
1413,Dex.04.1_GAGCTTATATACTCATCA
1414,Dex.04.2_ACGGACAGGTTAGGACGA
1415,Dex.04.1_GGGATCCTCAATCGGTCC
1416,Dex.04.2_CCGTAATTTGGGATACTT
1417,Dex.04.1_TCGCCTGAAATAGGGATC
1418,Dex.04.2_GCTGAGATAGCGTCATCA
1419,Dex.04.2_CCGATGTAATAGTCATCA
1420,Dex.04.2_TTCGCAGTTAACTGGCAG
1421,Dex.04.1_CACCACCAGACTGTACAG
1422,Dex.04.2_TCCAAGAAGTATGCCGTT
1423,Dex.04.2_CCGTAAGCTCCCACAAGG
1424,Dex.04.1_GATCAAAACGTGCCACGC
1425,Dex.04.2_ATATACGCCAGATGCGGT
1426,Dex.04.1_ACTGCAGCGAATTCTAGC
1427,Dex.04.1_CGGCGTGCCAGAATCCGG
1428,Dex.04.2_GCTTGTTGCTAAAGTCTG
1429,Dex.04.1_GCTGAGAGATGTTACCGA
1430,Dex.04.2_TAGAGGCCGTAAGTTTCA
1431,Dex.04.2_GAAATATCGCCTTCAGTG
1432,Dex.04.2_GCCAGACGGTCCAGGTTA
1433,Dex.04.1_GGGATCGGATTGCTAGGT
1434,Dex.04.2_GCCAGACTATTATTGCTC
1435,Dex.04.2_GCTGAGGGTGCTGAAATA
1436,Dex.04.1_TGAGACTTGGATCAACCG
1437,Dex.04.2_GTCGGCACTGCATCCAAG
1438,Dex.04.1_TCAGTGAGCACGGTCCTA
1439,Dex.04.2_GTACAGCTATTAGCCGTT
1440,Dex.04.1_ACAAGGGTACAGTGAATT
1441,Dex.04.1_TGCTAACAGACTAATTGG
1442,Dex.04.2_ATATACGATCAAGCTGAG
1443,Dex.04.1_TGCTAAGTACAGAACGTG
1444,Dex.04.1_AAGCCAACTGCACATAGA
1445,Dex.04.2_GAGTGATAATAGGCGCGG
1446,Dex.04.2_TACCGAGTCGGCCTGTGG
1447,Dex.04.2_TTCTTGATATACTGCTAA
1448,Dex.04.2_CACCACTATTTCCTAGGT
1449,Dex.04.1_GAGCTTCGGCGTCGCATA
1450,Dex.04.2_TGTTCGACTGCATCCAAG
1451,Dex.04.2_ATTAGTAGTCTGCGTTAT
1452,Dex.04.1_GCTTGTACCCAAGTGGTG
1453,Dex.04.2_TATTTCTGTTCGTCATCA
1454,Dex.04.1_ACCCAAGCTGAGAACGTG
1455,Dex.04.2_ACCTTCCAGACTTTCGCA
1456,Dex.04.1_ACTGCATGCTAACTTGAA
1457,Dex.04.1_ACTGCACCACGCTTTGGG
1458,Dex.04.1_TTCGCAGCCGTTGCTGAG
1459,Dex.04.2_GGATTGATACTTCCTCTA
1460,Dex.04.1_GGACGAGGTGCTTAAGCT
1461,Dex.04.1_AGATGTACTGCACGCATA
1462,Dex.04.1_CTATTAGTGGTGGTTTCA
1463,Dex.04.2_TCATCAGTTTCATGAGAC
1464,Dex.04.2_GGATTGCTATTAGAGCTT
1465,Dex.04.1_CTATTACGCATAGAAATA
1466,Dex.04.1_ATATACAACAGCATATAC
1467,Dex.04.2_TCTAGCGAAGGGGTCGGC
1468,Dex.04.2_CGTTATGCGCGGATTAGT
1469,Dex.04.1_CCGTAAACGGACTCATCA
1470,Dex.04.1_GCCAGATGCTAATTCTTG
1471,Dex.04.1_AGTCTGTCGGGAGGTGCT
1472,Dex.04.2_GTACAGCAACCGATCCGG
1473,Dex.04.1_ACGGACGGTAGGTTTGGG
1474,Dex.04.2_TAAGCTTTTGGGTTGCTC
1475,Dex.04.1_ATACTTGAAATAGCTCCC
1476,Dex.04.2_AGACCCCCGATGGAAATA
1477,Dex.04.1_GAGTGATAGAGGTGTTCG
1478,Dex.04.1_TGAGACTAGAGGAAGCCA
1479,Dex.04.2_GCGAATGTGGTGAAAGAA
1480,Dex.04.2_TTGGATGAGTGAATAGCG
1481,Dex.04.2_AAGCCAAGATGTCAAGTC
1482,Dex.04.2_TTGCTCTAATAGGCGAAT
1483,Dex.04.2_TGAATTCGGCGTAGTAAA
1484,Dex.04.2_ACGGACGCTCCCCTTGAA
1485,Dex.04.1_TCGGGATAAGCTCCTCTA
1486,Dex.04.2_GGTGCTTCGCCTAGTAAA
1487,Dex.04.1_ATGAAGTTCTTGCAGACT
1488,Dex.04.2_AACAGCGACTCGCTTGAA
1489,Dex.04.1_CGGTCCATACTTCTTACG
1490,Dex.04.1_CTCAATCGAAAGTCGGGA
1491,Dex.04.2_GTCCTATGAGACATGAAG
1492,Dex.04.2_GCCGTTGGTAGGCGAAAG
1493,Dex.04.2_CGGCGTCGTTATCATAGA
1494,Dex.04.1_CCACGCGAGGCCACAAGG
1495,Dex.04.1_TCCAAGTAGAGGCTAGGT
1496,Dex.04.1_GCGCGGTTCTTGAATTGG
1497,Dex.04.1_GTTTCAACAAGGTCGCCT
1498,Dex.04.2_AGATGTTGGCAGGTACAG
1499,Dex.04.2_GCGCGGGTGGTGATAGCG
1500,Dex.04.1_TTCGCACGAGCACCGATG
1501,Dex.04.2_ATGAAGGGGATCCTGTGG
1502,Dex.04.1_GCGAATTATTTCCGAGCA
1503,Dex.04.2_CAACCGATGAAGACAAGG
1504,Dex.04.2_AGACCCCACTGTCTTGAA
1505,Dex.04.2_GAGCTTCCGATGTGAATT
1506,Dex.04.2_CCACGCGTCCTATGTTCG
1507,Dex.04.2_GTTAACCAGACTGGCCAT
1508,Dex.04.1_GGTAGGTGTTCGACTGCA
1509,Dex.04.1_CAGACTTCATCAGGACGA
1510,Dex.04.2_GGATTGTGCTAATACCGA
1511,Dex.04.1_GTTAACGAGCTTGCGCGG
1512,Dex.04.1_TCGCCTCAACCGTCAGTG
1513,Dex.04.2_GCTCCCCTTGAAAGTCTG
1514,Dex.04.2_CTGTGGCTCAATGGGATC
1515,Dex.04.2_AGTAAACCACGCAACGTG
1516,Dex.04.2_TCGGGACTTACGTGGCAG
1517,Dex.04.2_GCTTGTGACTCGATATAC
1518,Dex.04.2_CTAGGTGTGGTGTCAGTG
1519,Dex.04.1_GTCGGCGACTCGCGGTCC
1520,Dex.04.2_GCCGTTGATCAATGAATT
1521,Dex.04.1_TGAGACCCGTAAAGTAAA
1522,Dex.04.2_AAGTATAACGTGACCTTC
1523,Dex.04.1_AAGTATCTGTGGTGAATT
1524,Dex.04.2_CGAAAGGCCGTTAAGCCA
1525,Dex.04.1_AGTCTGATCCGGACCCAA
1526,Dex.04.2_TCGGGACACCACGGATTG
1527,Dex.04.2_GTGGTGTAATAGGCTGAG
1528,Dex.04.1_GTTAACCGGTCCCCGATG
1529,Dex.04.2_TATTTCGCTGAGATATAC
1530,Dex.04.2_CGAGCAAGATGTCGGTCC
1531,Dex.04.1_TGAGACAAAGAAGACTCG
1532,Dex.04.2_TCTAGCTGTGTACGGTCC
1533,Dex.04.2_GAGCTTTGAATTTGCGGT
1534,Dex.04.1_ATCCGGAGTCTGGAAGGG
1535,Dex.04.2_GCTGAGAGTAAATTGCTC
1536,Dex.04.2_CATAGATTAAGACACCAC
1537,Dex.04.2_TTGGATGCTCCCTTCTTG
1538,Dex.04.2_TGCGGTGGTAGGGTTTCA
1539,Dex.04.1_TGCTAACAAGTCTGCTAA
1540,Dex.04.2_GATCAACTGTGGGCTCCC
1541,Dex.04.1_GAGTGAGTCGGCGAGGCC
1542,Dex.04.2_AGTAAACGGCGTCAGACT
1543,Dex.04.2_TGCGGTAAAGAAGCTGAG
1544,Dex.04.1_CGAGCAGTGGTGGCTTGT
1545,Dex.04.1_ATTAGTTTGGATTAAGCT
1546,Dex.04.2_CGAGCAGCCGTTGTCCTA
1547,Dex.04.2_TAGAGGTAGAGGACTGCA
1548,Dex.04.1_CTTACGATACTTTGCTAA
1549,Dex.04.2_ACCTTCCAACCGCAAGTC
1550,Dex.04.1_AACAGCGCGCGGTCGGGA
1551,Dex.04.2_CGAAAGTGCTAAAGTAAA
1552,Dex.04.2_ATACTTGCTTGTGAAATA
1553,Dex.04.2_TCTAGCCTGTGGTAGAGG
1554,Dex.04.2_TGCGGTGAGGCCGCGCGG
1555,Dex.04.2_GCCAGATGGCAGTCAGTG
1556,Dex.04.2_GGACGAATTAGTATACTT
1557,Dex.04.1_AACAGCGAGGCCGCCAGA
1558,Dex.04.1_ACTGCACAGACTGTCCTA
1559,Dex.04.1_TTGGATACTGCAAGACCC
1560,Dex.04.2_GACTCGCTCAATAGATGT
1561,Dex.04.1_TTTGGGGGTAGGAGTAAA
1562,Dex.04.2_GCGAATGGATTGTGGCAG
1563,Dex.04.2_AACAGCAAGTATGCTTGT
1564,Dex.04.2_CACCACTCAGTGATATAC
1565,Dex.04.1_CTTGAACTGTGGAGTAAA
1566,Dex.04.1_CACCACCTTACGGCCGTT
1567,Dex.04.2_ATATACGCTCCCGGGATC
1568,Dex.04.1_GTACAGTCATCAGGACGA
1569,Dex.04.2_GTACAGACGGACACGGAC
1570,Dex.04.2_AACAGCGTACAGATTAGT
1571,Dex.04.2_CCGATGGATCAAGCCAGA
1572,Dex.04.1_CAAGTCAGTCTGTCATCA
1573,Dex.04.1_CTGTGGACCCAACCTCTA
1574,Dex.04.1_GCGAATCCTCTATCATCA
1575,Dex.04.1_AGCACGGCCAGAGTGGTG
1576,Dex.04.1_GTTAACACCCAATCATCA
1577,Dex.04.1_AGATGTTCGGGAGCGAAT
1578,Dex.04.2_ATACTTTGCGGTGTCCTA
1579,Dex.04.1_GTCCTAAGTCTGGCGAAT
1580,Dex.04.2_CAACCGGGTAGGGAAGGG
1581,Dex.04.1_GGACGAATATACACTGCA
1582,Dex.04.1_ACAAGGCGGTCCAGTAAA
1583,Dex.04.1_ATGAAGTAAGCTTTTGGG
1584,Dex.04.1_AACGTGTTCTTGGTACAG
1585,Dex.04.1_GAGGCCGTACAGTGTGTA
1586,Dex.04.1_TGAATTACTGCAATATAC
1587,Dex.04.1_GATCAAGAGTGAGGTAGG
1588,Dex.04.2_CGCATATCATCAGGGATC
1589,Dex.04.2_TTGGATAAAGAAAGTAAA
1590,Dex.04.1_TTCGCAAGCACGAGACCC
1591,Dex.04.2_AGTAAACCTCTATAGAGG
1592,Dex.04.2_GTCCTAGAGTGAACAAGG
1593,Dex.04.2_TCGGGATTGCTCGTACAG
1594,Dex.04.2_CCGTAAATGAAGATGAAG
1595,Dex.04.2_GGACGACGCATAATGAAG
1596,Dex.04.1_GTACAGCCTCTAGCCAGA
1597,Dex.04.1_CTGTGGCCGTAAATGAAG
1598,Dex.04.1_GCTGAGGACTCGAATTGG
1599,Dex.04.1_AGTCTGTAGAGGGCGAAT
1600,Dex.08.1_GCCAGATTGCTCTGTGTA
1601,Dex.08.1_CGAAAGACGGACGAGTGA
1602,Dex.08.2_TAGAGGGATCAACGGCGT
1603,Dex.08.2_AGATGTGGCCATGTTAAC
1604,Dex.08.1_GTCCTAGAGTGACTAGGT
1605,Dex.08.1_GCTGAGCCGTAAGGACGA
1606,Dex.08.2_GAAGGGTCAGTGCATAGA
1607,Dex.08.2_AGATGTATAGCGGCCAGA
1608,Dex.08.2_AGATGTGGATTGACTGCA
1609,Dex.08.2_CACTGTTCCAAGGGACGA
1610,Dex.08.2_TGCTAACTAGGTGCTTGT
1611,Dex.08.2_GAGGCCACAAGGGAGTGA
1612,Dex.08.2_GACTCGCATAGAGAGGCC
1613,Dex.08.1_CATAGAGCGAATAGACCC
1614,Dex.08.1_TAAGCTGAAATATCTAGC
1615,Dex.08.2_TATTTCATACTTAGCACG
1616,Dex.08.1_TTGGATATATACCGGCGT
1617,Dex.08.1_AAGTATGGTAGGGGGATC
1618,Dex.08.1_TGCGGTGGTGCTATATAC
1619,Dex.08.1_AAGTATGAAGGGCCTCTA
1620,Dex.08.1_AACGTGAGTAAATTTGGG
1621,Dex.08.2_GTCCTACAGGAGAACAGC
1622,Dex.08.2_TCTAGCTCATCATTTGGG
1623,Dex.08.2_GTTAACGAGCTTCCGTAA
1624,Dex.08.2_GGTAGGCTTACGGTCGGC
1625,Dex.08.1_ATTAGTACGGACCTAGGT
1626,Dex.08.1_CTCAATGACTCGGCTCCC
1627,Dex.08.2_CGAGCAAGCACGGCGCGG
1628,Dex.08.2_CAGACTAAGCCAGAAGGG
1629,Dex.08.1_AGTCTGCTCAATCGTTAT
1630,Dex.08.2_AGTCTGATTAGTCGTTAT
1631,Dex.08.2_TCATCAATACTTTGTTCG
1632,Dex.08.1_CAACCGATAGCGTCTAGC
1633,Dex.08.2_AACGTGAAGTATCGAGCA
1634,Dex.08.2_TAGAGGGCTGAGAACAGC
1635,Dex.08.1_TCTAGCCGGTCCCGAAAG
1636,Dex.08.1_TATTTCTCGCCTACAAGG
1637,Dex.08.1_GTGGTGCTTGAATTCTTG
1638,Dex.08.2_ACTGCAAGTCTGGAGTGA
1639,Dex.08.1_ATATACAAGCCAATGAAG
1640,Dex.08.2_TTGCTCTAATAGTCGCCT
1641,Dex.08.2_GAGGCCTGGCAGATGAAG
1642,Dex.08.1_CATAGATCATCAAATTGG
1643,Dex.08.1_TTCTTGACTGCAAGATGT
1644,Dex.08.1_CAAGTCATGAAGTCTAGC
1645,Dex.08.2_CCGTAAAACAGCGAAGGG
1646,Dex.08.1_TGTGTACCGTAAGGATTG
1647,Dex.08.1_CGTTATATTAGTAGTAAA
1648,Dex.08.2_CGCATACGGTCCCGAGCA
1649,Dex.08.1_GGCCATTCTAGCAAGTAT
1650,Dex.08.1_TTTGGGTTCTTGCGCATA
1651,Dex.08.2_TTGCTCTGGCAGGAAGGG
1652,Dex.08.2_CTGTGGTTCGCATAAGCT
1653,Dex.08.1_ACCCAAATCCGGTTTGGG
1654,Dex.08.2_ATATACTTCGCAATAGCG
1655,Dex.08.1_CCGATGTTGGATTCCAAG
1656,Dex.08.2_CCTCTACGGTCCCAGACT
1657,Dex.08.1_GAGCTTTTAAGACAAGTC
1658,Dex.08.1_AGCACGTGAGACGGTAGG
1659,Dex.08.2_CCTCTATGTGTACACTGT
1660,Dex.08.2_CTATTAATAGCGCCGATG
1661,Dex.08.1_CCGATGACCTTCCGCATA
1662,Dex.08.1_CGTTATGAGTGACGAGCA
1663,Dex.08.1_CAACCGCGTTATGCTCCC
1664,Dex.08.1_GGATTGCGCATACACCAC
1665,Dex.08.2_CAACCGCGTTATAGTAAA
1666,Dex.08.1_TCGGGATGAGACGAGCTT
1667,Dex.08.1_CTAGGTCTGTGGGGTAGG
1668,Dex.08.1_ACCTTCCTGTGGTGCTAA
1669,Dex.08.2_GCCAGAACGGACTCATCA
1670,Dex.08.2_TCCAAGTACCGAGGGATC
1671,Dex.08.1_ACCCAAGTCGGCCGGCGT
1672,Dex.08.1_GGATTGTGGCAGAAGCCA
1673,Dex.08.1_GGGATCCATAGATGTTCG
1674,Dex.08.1_CTCAATGCCGTTTGGCAG
1675,Dex.08.1_CGGCGTGCTTGTGTCCTA
1676,Dex.08.1_GCCAGAGAAGGGCTGTGG
1677,Dex.08.1_GCGAATCAGGAGAAGCCA
1678,Dex.08.2_GGACGAGGCCATGTTAAC
1679,Dex.08.2_CGTTATTAAGCTGTCCTA
1680,Dex.08.1_ATACTTCGGTCCTTCTTG
1681,Dex.08.2_CGGTCCCTGTGGGCTTGT
1682,Dex.08.1_TAGAGGGGCCATGAAGGG
1683,Dex.08.2_TCGGGATAAGCTTAATAG
1684,Dex.08.1_AAAGAATTGCTCCTGTGG
1685,Dex.08.2_TTCGCATGCTAACGGTCC
1686,Dex.08.1_CTTACGGCCGTTCCGATG
1687,Dex.08.1_CGTTATCTTACGCAACCG
1688,Dex.08.1_GCGAATTACCGAAGATGT
1689,Dex.08.2_GGATTGCCGATGGGCCAT
1690,Dex.08.2_GGTGCTCGAAAGAGGTTA
1691,Dex.08.1_TGCGGTGGATTGAAGCCA
1692,Dex.08.2_TTCTTGTCAGTGGAAGGG
1693,Dex.08.1_CCTCTAATAGCGAGTAAA
1694,Dex.08.1_CCTCTAGCTTGTGGACGA
1695,Dex.08.1_TGGCAGACGGACGACTCG
1696,Dex.08.1_AGCACGCTTGAAGTTAAC
1697,Dex.08.2_CTATTATAGAGGTTCTTG
1698,Dex.08.2_AACGTGGTCCTAAGGTTA
1699,Dex.08.2_GTCGGCCAGACTCTTGAA
1700,Dex.08.2_GATCAATTCGCATTAAGA
1701,Dex.08.2_CACTGTAACAGCAAGCCA
1702,Dex.08.2_TGGCAGAACAGCCATAGA
1703,Dex.08.1_CAGGAGACAAGGCGAGCA
1704,Dex.08.1_GGACGATCGGGAACCCAA
1705,Dex.08.2_GTTAACCACTGTTCAGTG
1706,Dex.08.2_GCTGAGAGTAAAGTGGTG
1707,Dex.08.1_TTAAGAGACTCGTCCAAG
1708,Dex.08.2_TCATCAGAGTGAAGATGT
1709,Dex.08.2_GCTGAGTGTGTACAGGAG
1710,Dex.08.2_CCGTAAGCTTGTGAGGCC
1711,Dex.08.2_GCCGTTTTCGCACCGATG
1712,Dex.08.2_AGGTTAGTCCTAAAAGAA
1713,Dex.08.2_TTCGCACGAAAGCACTGT
1714,Dex.08.1_AGTAAAACGGACTTCGCA
1715,Dex.08.2_GGCCATTGGCAGGCTTGT
1716,Dex.08.2_GATCAAAACGTGCCTCTA
1717,Dex.08.1_TCAGTGTAGAGGATATAC
1718,Dex.08.2_TGAGACTGCTAACAACCG
1719,Dex.08.1_CCTCTATCATCAACCCAA
1720,Dex.08.1_GCCGTTACGGACAGCACG
1721,Dex.08.2_TGCGGTTACCGAATACTT
1722,Dex.08.1_CCACGCGAGTGATTGGAT
1723,Dex.08.1_TGTGTAGCTTGTTGCTAA
1724,Dex.08.1_GGATTGGAGTGATACCGA
1725,Dex.08.1_TGCGGTCAGACTGAGTGA
1726,Dex.08.2_CGAGCATGAGACCGAAAG
1727,Dex.08.1_TAGAGGGGTGCTCTATTA
1728,Dex.08.1_GAGCTTGACTCGTCTAGC
1729,Dex.08.2_GCGCGGCAGGAGCGTTAT
1730,Dex.08.2_TTCGCAGAGCTTTACCGA
1731,Dex.08.2_CTTACGTTTGGGGAGGCC
1732,Dex.08.2_TCAGTGCTCAATCAACCG
1733,Dex.08.2_ACCCAAATGAAGCGTTAT
1734,Dex.08.2_CCGTAATTCTTGAGTAAA
1735,Dex.08.1_GAAGGGCTGTGGCCGATG
1736,Dex.08.1_ATATACACCTTCCAGACT
1737,Dex.08.2_TTGCTCCGTTATCGGTCC
1738,Dex.08.2_TTTGGGATATACACAAGG
1739,Dex.08.2_CAGACTGACTCGTAAGCT
1740,Dex.08.1_ATACTTAACAGCGGTAGG
1741,Dex.08.2_TTGGATTGTTCGAAGCCA
1742,Dex.08.2_GTCGGCAAAGAACTTACG
1743,Dex.08.1_GATCAATTCTTGGCTTGT
1744,Dex.08.1_TACCGACTTGAAAAAGAA
1745,Dex.08.1_GTACAGTATTTCATATAC
1746,Dex.08.1_TCCAAGCTTACGCGTTAT
1747,Dex.08.1_TAAGCTTGGCAGGCTTGT
1748,Dex.08.1_CTGTGGACGGACACTGCA
1749,Dex.08.2_ACCCAATGTGTACTTGAA
1750,Dex.08.1_CGTTATCCGTAACGTTAT
1751,Dex.08.2_CGAGCACGGCGTTCGGGA
1752,Dex.08.2_CGAAAGAACGTGAAGCCA
1753,Dex.08.1_TTGCTCTCTAGCGGTAGG
1754,Dex.08.1_TGCTAAGAGCTTGAGGCC
1755,Dex.08.1_ACCCAACTTACGCAACCG
1756,Dex.08.1_GTGGTGCTTGAAAACAGC
1757,Dex.08.2_AAGTATTCGGGATCGGGA
1758,Dex.08.1_AAAGAAAATTGGGAGGCC
1759,Dex.08.2_CTATTATCCAAGTGAATT
1760,Dex.08.1_AGGTTAGGATTGGAGCTT
1761,Dex.08.1_AGGTTAAGACCCAACAGC
1762,Dex.08.2_CAGACTCATAGAAGATGT
1763,Dex.08.1_AAGTATCGCATAAGTCTG
1764,Dex.08.2_TAGAGGGGTGCTGAGTGA
1765,Dex.08.2_CAGACTTCAGTGAGTAAA
1766,Dex.08.1_ATACTTAAAGAAGCTCCC
1767,Dex.08.1_GCTCCCCGAGCACCACGC
1768,Dex.08.1_GCCAGAGTACAGTTAAGA
1769,Dex.08.2_TGAGACAGTAAAAGATGT
1770,Dex.08.1_GCTTGTCACCACTGAATT
1771,Dex.08.1_GGGATCGCTTGTCAGGAG
1772,Dex.08.1_GAGCTTTACCGATCAGTG
1773,Dex.08.2_GAGTGAGCCGTTTGTGTA
1774,Dex.08.2_ACTGCAGGGATCAAGCCA
1775,Dex.08.2_TAATAGCGGCGTGGCCAT
1776,Dex.08.2_GAAGGGTTAAGATGGCAG
1777,Dex.08.2_ATATACCTGTGGATACTT
1778,Dex.08.2_TTAAGATACCGAAACAGC
1779,Dex.08.2_GGTGCTACTGCAGCCGTT
1780,Dex.08.2_GGACGAGTACAGCTCAAT
1781,Dex.08.2_CCGTAAGAGTGAGGCCAT
1782,Dex.08.1_GGACGAGCGCGGGCGCGG
1783,Dex.08.2_CGGTCCAGCACGAAGTAT
1784,Dex.08.2_CAGACTACAAGGGTTTCA
1785,Dex.08.1_CACTGTTCAGTGTTTGGG
1786,Dex.08.1_CAACCGCTTGAAAATTGG
1787,Dex.08.2_GAAGGGAACAGCCGGTCC
1788,Dex.08.1_GTGGTGCTCAATCTAGGT
1789,Dex.08.1_AGACCCATTAGTCATAGA
1790,Dex.08.2_GAGTGATTGCTCCAGACT
1791,Dex.08.1_AACAGCAGTCTGGAGGCC
1792,Dex.08.1_TATTTCTATTTCGAAGGG
1793,Dex.08.1_GGTGCTAAAGAAGGTAGG
1794,Dex.08.2_TAAGCTCCACGCTAAGCT
1795,Dex.08.2_AGTAAAGACTCGTTCTTG
1796,Dex.08.2_GTTTCAATGAAGAGTAAA
1797,Dex.08.2_TGTGTATCTAGCCAGACT
1798,Dex.08.2_ATGAAGCTTGAACGAGCA
1799,Dex.08.2_AGACCCCAAGTCAGTAAA
1800,Dex.08.2_GAGCTTAAAGAAATAGCG
1801,Dex.08.1_TCGCCTTCAGTGGGGATC
1802,Dex.08.2_AACAGCTCCAAGCTTACG
1803,Dex.08.1_CTATTATTCTTGCAGACT
1804,Dex.08.2_TCATCAGGTAGGTTAAGA
1805,Dex.08.1_TGAATTAACAGCGACTCG
1806,Dex.08.2_GACTCGAAAGAACGGTCC
1807,Dex.08.2_GAAATAAGGTTAATGAAG
1808,Dex.08.1_CCTCTAAACGTGGTTAAC
1809,Dex.08.2_TCGGGAGACTCGTACCGA
1810,Dex.08.2_GTTAACTGAGACAGATGT
1811,Dex.08.2_AAGTATGGATTGATAGCG
1812,Dex.08.1_GAGGCCTCGCCTCAGGAG
1813,Dex.08.2_AAGTATCATAGAGCGCGG
1814,Dex.08.1_ATCCGGTGAATTTTCTTG
1815,Dex.08.2_CGAAAGAGATGTTAAGCT
1816,Dex.08.2_GCGCGGATAGCGGTTTCA
1817,Dex.08.2_GGTGCTCTAGGTTTAAGA
1818,Dex.08.2_GTACAGCTTGAAGAAGGG
1819,Dex.08.2_TGTTCGCAGACTTTGGAT
1820,Dex.08.2_GCTGAGTGCGGTGCGCGG
1821,Dex.08.2_GGTAGGGAGCTTAAGCCA
1822,Dex.08.2_GTACAGAGTCTGACCCAA
1823,Dex.08.1_GAGGCCCCTCTATTCGCA
1824,Dex.08.1_GAGCTTGACTCGACAAGG
1825,Dex.08.2_TCCAAGCACTGTGAAATA
1826,Dex.08.2_TGAATTGGTAGGATACTT
1827,Dex.08.2_GATCAAGAAATAGCTGAG
1828,Dex.08.2_TCATCACATAGAATCCGG
1829,Dex.08.2_TGTTCGAAAGAAGGACGA
1830,Dex.08.1_ACCTTCAACGTGAACAGC
1831,Dex.08.2_GGCCATCAGGAGCGGTCC
1832,Dex.08.2_CTCAATAGTCTGGCGAAT
1833,Dex.08.2_ATACTTACGGACCAACCG
1834,Dex.08.1_AAGTATACGGACCACCAC
1835,Dex.08.2_GTGGTGTGCGGTGCTTGT
1836,Dex.08.2_GCCAGAATAGCGCACCAC
1837,Dex.08.2_TTTGGGGCGAATAAGTAT
1838,Dex.08.2_ACTGCAAGATGTGTCGGC
1839,Dex.08.1_AACAGCAAGCCATGGCAG
1840,Dex.08.2_ATATACCCGTAAGTCCTA
1841,Dex.08.2_CAAGTCGCTTGTGATCAA
1842,Dex.08.2_GAGGCCTCGGGAGACTCG
1843,Dex.08.2_GTCGGCGGTAGGACCCAA
1844,Dex.08.1_GGATTGGTCCTATGAATT
1845,Dex.08.1_GAAATAACAAGGTCAGTG
1846,Dex.08.2_ACGGACTTGGATCTAGGT
1847,Dex.08.2_AACAGCATACTTCGGCGT
1848,Dex.08.2_TGCGGTTCGGGAATTAGT
1849,Dex.08.1_TGAGACCGTTATGTACAG
1850,Dex.08.1_ACCCAAGAGGCCACGGAC
1851,Dex.08.2_AAGTATGCGAATCCGATG
1852,Dex.08.2_CAGACTTGAGACTATTTC
1853,Dex.08.1_TTTGGGCGCATAAGTCTG
1854,Dex.08.1_TCCAAGTCCAAGCGAAAG
1855,Dex.08.1_TCATCAGGTGCTGTACAG
1856,Dex.08.1_GAGTGATGAATTCGAGCA
1857,Dex.08.1_TCAGTGCTAGGTGTTAAC
1858,Dex.08.2_TGCTAATATTTCGCCAGA
1859,Dex.08.1_CGGCGTATACTTTCGGGA
1860,Dex.08.2_TGTTCGCTTACGCCTCTA
1861,Dex.08.1_TTAAGATCATCATCCAAG
1862,Dex.08.2_CACTGTAGTAAATAATAG
1863,Dex.08.1_CTATTAATATACGAAATA
1864,Dex.08.2_TTTGGGTTTGGGAAGCCA
1865,Dex.08.2_CACTGTGGTAGGCTGTGG
1866,Dex.08.2_GGGATCTGTTCGCTTACG
1867,Dex.08.1_TACCGAGATCAAAGACCC
1868,Dex.08.2_GAAATATAGAGGTCATCA
1869,Dex.08.2_GCTTGTCCGTAATTGGAT
1870,Dex.08.1_CTATTAATTAGTTTAAGA
1871,Dex.08.1_GAGGCCCCGATGGACTCG
1872,Dex.08.2_GCGAATAACAGCTTCGCA
1873,Dex.08.1_GCTTGTTATTTCTGAGAC
1874,Dex.08.1_TATTTCCCGATGATACTT
1875,Dex.08.2_ACGGACCCGATGTCATCA
1876,Dex.08.1_GGGATCGCGAATGAAGGG
1877,Dex.08.2_GTACAGCCGATGATACTT
1878,Dex.08.1_TTCGCAGAGGCCGCGAAT
1879,Dex.08.1_AGTAAATGTTCGGCTCCC
1880,Dex.08.1_TGCGGTCTGTGGGCCAGA
1881,Dex.08.2_ACCCAAGCCGTTTTGGAT
1882,Dex.08.1_CCGTAAATATACAGTAAA
1883,Dex.08.2_CTTGAAGAGCTTGGGATC
1884,Dex.08.1_GGGATCACGGACTGTTCG
1885,Dex.08.1_CTGTGGAAGTATGGACGA
1886,Dex.08.2_CCTCTAGTTAACCGCATA
1887,Dex.08.2_GATCAAAAGCCAGTCGGC
1888,Dex.08.1_GGCCATTCAGTGGGTAGG
1889,Dex.08.2_TACCGAAGTAAATCAGTG
1890,Dex.08.2_GACTCGTGCGGTAAGCCA
1891,Dex.08.2_GGGATCGCTTGTGTTTCA
1892,Dex.08.2_TAATAGCCGTAAGACTCG
1893,Dex.08.2_GGTAGGTCCAAGTCAGTG
1894,Dex.08.1_TGAATTTTGGATTGAATT
1895,Dex.08.2_TCGGGATGAGACTCATCA
1896,Dex.08.1_CGGTCCGGCCATGGATTG
1897,Dex.08.2_ATTAGTGTACAGCTCAAT
1898,Dex.08.1_AGTCTGGGATTGCTTGAA
1899,Dex.08.2_TGAGACTCGCCTGGTAGG
1900,Dex.08.2_GCGAATGAAATAGACTCG
1901,Dex.08.1_CTCAATTAAGCTTGCGGT
1902,Dex.08.1_GTTAACCAACCGCACCAC
1903,Dex.08.1_AATTGGGTTTCAACCCAA
1904,Dex.08.1_TGCGGTGTTTCAGAAATA
1905,Dex.08.1_GTCCTACACTGTGAGGCC
1906,Dex.08.2_TGAATTAGCACGACTGCA
1907,Dex.08.1_CACTGTTTGCTCATGAAG
1908,Dex.08.1_AATTGGGCTGAGATCCGG
1909,Dex.08.2_GATCAAATCCGGATACTT
1910,Dex.08.2_GGTAGGCAAGTCTGCGGT
1911,Dex.08.1_CTTGAAGCTCCCAGTCTG
1912,Dex.08.2_GCTTGTTGAGACAAGCCA
1913,Dex.08.1_AATTGGCCTCTATCGCCT
1914,Dex.08.1_ACCTTCAGATGTATCCGG
1915,Dex.08.1_TGAATTGAGGCCTAGAGG
1916,Dex.08.1_ATATACACAAGGAGATGT
1917,Dex.08.1_TAATAGGCCGTTGAGTGA
1918,Dex.08.1_ACTGCATTGCTCCCACGC
1919,Dex.08.1_TCGCCTGAGCTTATAGCG
1920,Dex.08.1_CTTACGGAGCTTTCATCA
1921,Dex.08.1_CAGGAGTGAGACATTAGT
1922,Dex.08.2_AGTAAATTGGATCGAGCA
1923,Dex.08.1_AAGCCAAGGTTACAAGTC
1924,Dex.08.2_TCATCAAGACCCAGATGT
1925,Dex.08.2_ATTAGTGCTTGTCAAGTC
1926,Dex.08.2_CATAGAAGACCCAAGTAT
1927,Dex.08.2_AGTAAACATAGAATAGCG
1928,Dex.08.2_GCCAGATGCTAATTCTTG
1929,Dex.08.2_CCTCTAAAGCCAGCCAGA
1930,Dex.08.2_CGCATAACGGACATCCGG
1931,Dex.08.2_GCGAATGTGGTGGACTCG
1932,Dex.08.2_CCGATGACCTTCGCCGTT
1933,Dex.08.1_GAGTGATGTGTAGTTTCA
1934,Dex.08.2_ATTAGTCAGGAGAAGCCA
1935,Dex.08.2_GTTAACGCGAATGGCCAT
1936,Dex.08.2_GCTCCCACCTTCTAAGCT
1937,Dex.08.1_AACAGCAGTAAAATGAAG
1938,Dex.08.1_ATGAAGCAAGTCCTTACG
1939,Dex.08.2_CTGTGGCTAGGTGAGTGA
1940,Dex.08.1_CGCATAATACTTTCATCA
1941,Dex.08.1_GGGATCAAGCCACTTGAA
1942,Dex.08.1_TGCGGTCGAAAGTTAAGA
1943,Dex.08.2_TAAGCTGAGGCCATGAAG
1944,Dex.08.2_GAGCTTGGCCATGTACAG
1945,Dex.08.1_AGGTTACGCATAGAAGGG
1946,Dex.08.2_TTCTTGCGGTCCACAAGG
1947,Dex.08.2_GTCCTACCACGCCGAAAG
1948,Dex.08.2_TGTTCGGCTCCCTTCTTG
1949,Dex.08.2_ACAAGGCGCATAGAGTGA
1950,Dex.08.2_TTCTTGCATAGACCGATG
1951,Dex.08.1_GCGCGGACTGCAATATAC
1952,Dex.08.1_ATATACATACTTCAGACT
1953,Dex.08.2_CGGCGTTATTTCCGAAAG
1954,Dex.08.2_GACTCGAACAGCGTTTCA
1955,Dex.08.1_TATTTCAACGTGACCCAA
1956,Dex.08.1_CACTGTGTACAGTTTGGG
1957,Dex.08.2_AAGTATGGTGCTAATTGG
1958,Dex.08.2_CTTACGGCTTGTGCTTGT
1959,Dex.08.2_CGAGCAGAAATATGTTCG
1960,Dex.08.1_GGACGAACTGCAATAGCG
1961,Dex.08.1_GGTAGGTCGGGAGTGGTG
1962,Dex.08.2_GAGGCCGCGAATCAGACT
1963,Dex.08.2_GAGGCCAAGTATAACAGC
1964,Dex.08.1_CGAAAGACTGCAGACTCG
1965,Dex.08.1_TTTGGGCTAGGTCGGCGT
1966,Dex.08.1_ATCCGGCGGTCCGTTTCA
1967,Dex.08.1_TTGGATAGCACGGTCCTA
1968,Dex.08.2_ACCTTCATAGCGCATAGA
1969,Dex.08.1_CCACGCCTTACGTGGCAG
1970,Dex.08.1_TTCTTGCGAGCAAGGTTA
1971,Dex.08.1_AGGTTAGGATTGCAGACT
1972,Dex.08.2_CAGACTCTTGAATGAATT
1973,Dex.08.1_GAGGCCGATCAAGCGAAT
1974,Dex.08.2_ACCCAATGGCAGTATTTC
1975,Dex.08.1_GTTTCAGCTTGTTCTAGC
1976,Dex.08.2_GTTAACTTTGGGCTCAAT
1977,Dex.08.1_CTTACGTTAAGAACCCAA
1978,Dex.08.2_CTTGAAACCCAACGAGCA
1979,Dex.08.2_AGGTTAGGTAGGGAGTGA
1980,Dex.08.2_CTATTATAAGCTCAGACT
1981,Dex.08.1_ATATACTTCTTGCCGATG
1982,Dex.08.1_GTCGGCTCGCCTTCGCCT
1983,Dex.08.2_CGAGCAGAGCTTCAAGTC
1984,Dex.08.1_TCCAAGGGCCATAATTGG
1985,Dex.08.1_TCGCCTGTGGTGAGCACG
1986,Dex.08.1_GGACGAAAGCCACACCAC
1987,Dex.08.1_GTCGGCTTAAGAGATCAA
1988,Dex.08.2_CGGCGTCGCATATGGCAG
1989,Dex.08.2_GCCGTTATTAGTAAGCCA
1990,Dex.08.2_CAGACTTTAAGACCGATG
1991,Dex.08.2_GGTGCTGATCAAGCTTGT
1992,Dex.08.1_TCGCCTTTGCTCGCCAGA
1993,Dex.08.1_AGCACGCTATTACAGACT
1994,Dex.08.2_TGAATTGGCCATTTTGGG
1995,Dex.08.2_ACTGCATTTGGGGCCAGA
1996,Dex.08.2_AATTGGGTCCTAATATAC
1997,Dex.08.2_CACTGTAAAGAAAACAGC
1998,Dex.08.1_GGATTGTTGCTCCAACCG
1999,Dex.08.2_TGTTCGTAGAGGTGAGAC
2000,Dex.18.2_GAAATACAGGAGAGACCC
2001,Dex.18.2_CGTTATTAAGCTTTGCTC
2002,Dex.18.2_GCTTGTCCTCTAGATCAA
2003,Dex.18.2_CACTGTACAAGGACCCAA
2004,Dex.18.2_TGAGACACGGACGCCGTT
2005,Dex.18.2_TTGGATGAAGGGCGTTAT
2006,Dex.18.2_TGTGTATCATCACAAGTC
2007,Dex.18.2_TTGCTCAAAGAAAGGTTA
2008,Dex.18.2_GTACAGAAGTATTAATAG
2009,Dex.18.2_CCACGCGCCGTTCTATTA
2010,Dex.18.2_TCTAGCTCTAGCTCGCCT
2011,Dex.18.2_GTACAGGTCGGCCGGCGT
2012,Dex.18.2_GAGCTTAAAGAAAGTAAA
2013,Dex.18.2_GGGATCATATACATAGCG
2014,Dex.18.2_GTCGGCCGGCGTGGTAGG
2015,Dex.18.2_GTACAGAGATGTCTTGAA
2016,Dex.18.2_TGAATTAATTGGACCTTC
2017,Dex.18.2_GTCCTAGGTAGGGCGCGG
2018,Dex.18.2_TTCGCATAGAGGACCTTC
2019,Dex.18.2_CAAGTCATATACTTAAGA
2020,Dex.18.2_GAAGGGCGAAAGACTGCA
2021,Dex.18.2_AACAGCGCCAGACAACCG
2022,Dex.18.2_TTCGCAGGGATCGCTCCC
2023,Dex.18.2_CCGATGTAGAGGCTTACG
2024,Dex.18.2_GGTGCTAGGTTAGATCAA
2025,Dex.18.2_GTTTCATCGCCTCACTGT
2026,Dex.18.2_CCGTAATTCGCATATTTC
2027,Dex.18.2_CACTGTTCGCCTTGGCAG
2028,Dex.18.2_GTGGTGTCAGTGAACAGC
2029,Dex.18.2_GGATTGAAAGAAGGCCAT
2030,Dex.18.2_GGATTGGTCCTAAACAGC
2031,Dex.18.2_ATATACTGTTCGCCGTAA
2032,Dex.18.2_TCGGGAATCCGGCAGGAG
2033,Dex.18.2_GCGCGGAGTAAAGTACAG
2034,Dex.18.2_AGTAAAATATACCAGACT
2035,Dex.18.2_GGTAGGGTTAACGCGCGG
2036,Dex.18.2_ACTGCAGGTAGGCAGGAG
2037,Dex.18.2_GAGCTTTCAGTGCCGTAA
2038,Dex.18.2_TGAGACAATTGGTGGCAG
2039,Dex.18.2_AGCACGGTTTCAAGACCC
2040,Dex.18.2_GCGAATCGAGCATGCTAA
2041,Dex.18.2_TCATCAGAGCTTGCTCCC
2042,Dex.18.2_AGTAAATCGGGAAACAGC
2043,Dex.18.2_CTGTGGGGACGACTCAAT
2044,Dex.18.2_AGCACGCAAGTCCTGTGG
2045,Dex.18.2_ACGGACAGTCTGCGTTAT
2046,Dex.18.2_CACTGTGACTCGGCCAGA
2047,Dex.18.2_ATGAAGCTGTGGAGATGT
2048,Dex.18.2_GTACAGAAGTATTTAAGA
2049,Dex.18.2_GAGCTTCCACGCCGAAAG
2050,Dex.18.2_CACTGTTCTAGCTTGGAT
2051,Dex.18.2_ATACTTCCGTAAACTGCA
2052,Dex.18.2_TCCAAGAGTCTGGCCGTT
2053,Dex.18.2_AAGCCACGGCGTATCCGG
2054,Dex.18.2_GCCAGATGCTAATTCTTG
2055,Dex.18.2_AGCACGGGACGAGAGCTT
2056,Dex.18.2_GATCAAATCCGGCTTGAA
2057,Dex.18.2_CGGTCCGAAATAAAGCCA
2058,Dex.18.2_CTTACGGCGCGGAACAGC
2059,Dex.18.2_GAAGGGCTGTGGTAGAGG
2060,Dex.18.2_CCTCTAGCCAGAGAGTGA
2061,Dex.18.2_TGCGGTTGCGGTCTTACG
2062,Dex.18.2_CGCATATGAGACCAGGAG
2063,Dex.18.2_ATCCGGTTCTTGTTGGAT
2064,Dex.18.2_TAGAGGATGAAGGCTCCC
2065,Dex.18.2_TGTTCGGAAGGGCGAGCA
2066,Dex.18.2_ACCTTCCCGTAATAATAG
2067,Dex.18.2_ATCCGGACAAGGAAAGAA
2068,Dex.18.2_TAATAGTAGAGGATAGCG
2069,Dex.18.2_GTTTCATTTGGGTCTAGC
2070,Dex.18.2_CCGATGGTGGTGTTGGAT
2071,Dex.18.2_AGTAAACATAGAATTAGT
2072,Dex.18.2_TTCTTGTAGAGGGGGATC
2073,Dex.18.2_CGCATAGCGCGGGCCAGA
2074,Dex.18.2_CGTTATGATCAACCACGC
2075,Dex.18.2_TCGCCTGACTCGCGTTAT
2076,Dex.18.2_ACCCAATTCGCAAACGTG
2077,Dex.18.2_ACCTTCGAGGCCGCGCGG
2078,Dex.18.2_GCCGTTAGTCTGCACCAC
2079,Dex.18.2_AGTCTGACAAGGACGGAC
2080,Dex.18.2_ATGAAGAGACCCAAGCCA
2081,Dex.18.2_TTAAGAGTTTCATGAATT
2082,Dex.18.2_TAAGCTCTATTAGGGATC
2083,Dex.18.2_AATTGGGCCAGACATAGA
2084,Dex.18.2_AGTCTGCTTGAACTTACG
2085,Dex.18.2_GACTCGCAGGAGAGTCTG
2086,Dex.18.2_AAGCCATAGAGGATACTT
2087,Dex.18.2_TTCGCACTAGGTCGGCGT
2088,Dex.18.2_TCGGGATAGAGGCACCAC
2089,Dex.18.2_CAGACTTAATAGCATAGA
2090,Dex.18.2_ATTAGTTAGAGGCAAGTC
2091,Dex.18.2_AGGTTAGCTGAGGGTAGG
2092,Dex.18.2_AGTAAATGTGTAAAGCCA
2093,Dex.18.2_ATACTTGCGCGGCCGTAA
2094,Dex.18.2_TTAAGATATTTCCACCAC
2095,Dex.18.2_GTGGTGGCGCGGCCACGC
2096,Dex.18.2_ATGAAGAGATGTGTCGGC
2097,Dex.18.2_GGATTGTGAGACACGGAC
2098,Dex.18.2_CACTGTTGGCAGTGTTCG
2099,Dex.18.2_TGAATTGTCCTAGCTTGT
2100,Dex.18.2_GAGGCCCATAGAAGTCTG
2101,Dex.18.2_TTCTTGAAAGAAGTCCTA
2102,Dex.18.2_ACGGACGGTGCTGTGGTG
2103,Dex.18.2_TGAGACGATCAACATAGA
2104,Dex.18.2_GGCCATGTTAACAGCACG
2105,Dex.18.2_TGTTCGTTTGGGAAAGAA
2106,Dex.18.2_CGGTCCAAAGAACTAGGT
2107,Dex.18.2_CTTGAATGCTAAGAGGCC
2108,Dex.18.2_TGTTCGTGAATTAAGCCA
2109,Dex.18.2_GACTCGACCTTCTCGCCT
2110,Dex.18.2_AACGTGTAAGCTTACCGA
2111,Dex.18.2_CCACGCATCCGGCAACCG
2112,Dex.18.2_CCACGCAAGTATGACTCG
2113,Dex.18.2_AATTGGTAATAGCAACCG
2114,Dex.18.2_TCATCAAACGTGCTCAAT
2115,Dex.18.2_GCTTGTGTCCTAGCTCCC
2116,Dex.18.2_TATTTCCGAAAGCTAGGT
2117,Dex.18.2_AGGTTAGCTGAGGTCGGC
2118,Dex.18.2_GTGGTGGCCGTTAAAGAA
2119,Dex.18.2_ACCTTCAACAGCCTCAAT
2120,Dex.18.2_TATTTCTTAAGATCGCCT
2121,Dex.18.2_CGGCGTTCGCCTTTCGCA
2122,Dex.18.2_ACGGACGTCGGCTCATCA
2123,Dex.18.2_CAAGTCTCAGTGCTAGGT
2124,Dex.18.2_TGAATTGCGCGGTATTTC
2125,Dex.18.2_GGGATCAACGTGGAGGCC
2126,Dex.18.2_CCTCTATGTTCGGACTCG
2127,Dex.18.2_CAAGTCGGTAGGTACCGA
2128,Dex.18.2_TGTTCGACCTTCACCCAA
2129,Dex.18.2_GGTAGGCTGTGGGTTAAC
2130,Dex.18.2_AAGTATTCAGTGGACTCG
2131,Dex.18.2_CTTACGTGAATTCGAGCA
2132,Dex.18.2_GCTGAGATCCGGGTTTCA
2133,Dex.18.2_CTATTAGCCGTTAGATGT
2134,Dex.18.2_CGGCGTACGGACGTTAAC
2135,Dex.18.2_TAGAGGCCTCTAGGATTG
2136,Dex.18.2_GCCAGAAGACCCGGATTG
2137,Dex.18.2_GGGATCTGAATTTTGGAT
2138,Dex.18.2_ACCTTCCGCATAAGCACG
2139,Dex.18.2_ATTAGTTAAGCTATGAAG
2140,Dex.18.2_CACTGTAAAGAAATTAGT
2141,Dex.18.2_TGCTAAAAGCCACTTACG
2142,Dex.18.2_ACCTTCGGCCATGGTGCT
2143,Dex.18.2_CGTTATTGAGACCGAAAG
2144,Dex.18.2_AGCACGTTCGCATCATCA
2145,Dex.18.2_TCGCCTTTGCTCCAACCG
2146,Dex.18.2_CTAGGTCAGACTTGGCAG
2147,Dex.18.2_TTCTTGTCAGTGCTAGGT
2148,Dex.18.2_AGGTTAAAGTATTCATCA
2149,Dex.18.2_TCGCCTGGCCATTGAATT
2150,Dex.18.2_ACTGCATGAGACGGATTG
2151,Dex.18.2_GCGAATCACCACACCCAA
2152,Dex.18.2_ACCCAAACCCAATCATCA
2153,Dex.18.2_CCGATGGCCAGAAGACCC
2154,Dex.18.2_TCAGTGCAACCGTTCTTG
2155,Dex.18.2_GGGATCTGCGGTCAGGAG
2156,Dex.18.2_AGCACGGATCAACAAGTC
2157,Dex.18.2_GACTCGTGTTCGTTCGCA
2158,Dex.18.2_GGTAGGTATTTCGAGGCC
2159,Dex.18.2_GAGGCCATACTTCTAGGT
2160,Dex.18.2_TCGCCTCACTGTCCGTAA
2161,Dex.18.2_TTTGGGTGAGACGGTGCT
2162,Dex.18.2_ACCTTCGTTAACCGTTAT
2163,Dex.18.2_AGACCCGTACAGACGGAC
2164,Dex.18.2_AATTGGTACCGACTAGGT
2165,Dex.18.2_ATACTTAAGTATGGTAGG
2166,Dex.18.2_CATAGAAGTCTGATATAC
2167,Dex.18.2_TTCGCAGGATTGAGTCTG
2168,Dex.18.2_ATGAAGTTCTTGGCTTGT
2169,Dex.18.2_TATTTCTCATCAAACGTG
2170,Dex.18.2_TACCGACAAGTCTTGCTC
2171,Dex.18.2_GCTGAGTAAGCTTAATAG
2172,Dex.18.2_CAAGTCGTACAGGGGATC
2173,Dex.18.2_ACAAGGGTCGGCTGTTCG
2174,Dex.18.2_TGAGACTGCTAACAGGAG
2175,Dex.18.2_TCGCCTTTAAGATTCGCA
2176,Dex.18.2_TTGCTCAGTCTGGAGTGA
2177,Dex.18.2_TGAATTGCCGTTCGCATA
2178,Dex.18.2_TCGCCTGTCGGCTTCGCA
2179,Dex.18.2_CCTCTACGGTCCCCGATG
2180,Dex.18.2_CGCATAACAAGGGGGATC
2181,Dex.18.2_GGGATCGCCGTTGGTAGG
2182,Dex.18.2_GCCGTTGTCCTAGAGCTT
2183,Dex.18.2_AAGCCATCGGGATCAGTG
2184,Dex.18.2_CATAGACGAAAGAAAGAA
2185,Dex.18.2_ATCCGGGCTCCCGGGATC
2186,Dex.18.2_GAGGCCGAGGCCGCGCGG
2187,Dex.18.2_CCGTAACAAGTCTAATAG
2188,Dex.18.2_TGGCAGAGCACGGAGGCC
2189,Dex.18.2_AAGCCATAGAGGGAGCTT
2190,Dex.18.2_AGGTTACCGTAACATAGA
2191,Dex.18.2_CAACCGATAGCGCCGTAA
2192,Dex.18.2_GTCGGCGAAGGGGACTCG
2193,Dex.18.2_TGTTCGCAACCGCAGACT
2194,Dex.18.2_TCATCAATGAAGGGACGA
2195,Dex.18.2_GGCCATGCGCGGCTTGAA
2196,Dex.18.2_AGCACGGCTGAGTAGAGG
2197,Dex.18.2_TATTTCGGACGAGACTCG
2198,Dex.18.2_CTATTACGGTCCGAGGCC
2199,Dex.18.2_AATTGGTCTAGCAACGTG
2200,Dex.18.2_CAGACTGGTAGGTAATAG
2201,Dex.18.2_ACCCAAGACTCGTAATAG
2202,Dex.18.2_TCATCAGTCCTAGTTAAC
2203,Dex.18.2_GTCCTATTGCTCCCTCTA
2204,Dex.18.2_ACTGCACAGACTGGTAGG
2205,Dex.18.2_AACAGCAAGTATGGACGA
2206,Dex.18.2_GCCAGAGCTTGTCAGACT
2207,Dex.18.2_ACCCAACACCACCGTTAT
2208,Dex.18.2_ATTAGTGATCAAGGATTG
2209,Dex.18.2_CTTACGGTACAGGCCAGA
2210,Dex.18.2_ACAAGGGGGATCTGGCAG
2211,Dex.18.2_ATACTTTGAATTACAAGG
2212,Dex.18.2_ATACTTGAGTGAGCGCGG
2213,Dex.18.2_CTATTATTTGGGTTGCTC
2214,Dex.18.2_TTCTTGAAGTATAACAGC
2215,Dex.18.2_CTCAATGAAGGGGGACGA
2216,Dex.18.2_TGGCAGGCGAATTCCAAG
2217,Dex.18.2_AGATGTCCTCTAGGACGA
2218,Dex.18.2_TGAATTATCCGGCTCAAT
2219,Dex.18.2_AGTCTGGATCAAGGGATC
2220,Dex.18.2_TAGAGGCCGATGCAACCG
2221,Dex.18.2_GATCAACTTGAATTGGAT
2222,Dex.18.2_GGGATCGCTCCCACTGCA
2223,Dex.18.2_ATAGCGCAAGTCCTTACG
2224,Dex.18.2_CTATTACATAGATTCGCA
2225,Dex.18.2_CCGATGCGGTCCTTAAGA
2226,Dex.18.2_CAGGAGTCATCATGTTCG
2227,Dex.18.2_TATTTCAGACCCCTTGAA
2228,Dex.18.2_CGGTCCCAACCGCCGTAA
2229,Dex.18.2_TCATCAGTTAACCGCATA
2230,Dex.18.2_GGGATCGCTTGTATATAC
2231,Dex.18.2_GGTGCTTTTGGGTCCAAG
2232,Dex.18.2_CATAGAGAAATACTTACG
2233,Dex.18.2_GCTTGTCTTGAATCGGGA
2234,Dex.18.2_ATAGCGGAGGCCTTTGGG
2235,Dex.18.2_TGTTCGACAAGGCGAAAG
2236,Dex.18.2_ACTGCATTCTTGTGAGAC
2237,Dex.18.2_GTGGTGATAGCGAACAGC
2238,Dex.18.2_AGCACGTGCGGTGGCCAT
2239,Dex.18.2_GCGCGGCTAGGTACAAGG
2240,Dex.18.2_ACCTTCTCGGGAAGCACG
2241,Dex.18.2_GTCCTAAGACCCATCCGG
2242,Dex.18.2_TTCGCACCACGCGGGATC
2243,Dex.18.2_GAAGGGGGTAGGTAGAGG
2244,Dex.18.2_GGATTGTATTTCCGAAAG
2245,Dex.18.2_AACGTGTCATCAAGGTTA
2246,Dex.18.2_TACCGACCTCTAGTTTCA
2247,Dex.18.2_ATATACACCTTCATACTT
2248,Dex.18.2_AGATGTAGCACGTTCGCA
2249,Dex.18.2_GTGGTGGAAATATGCTAA
2250,Dex.18.2_GTGGTGGCGAATATATAC
2251,Dex.18.2_ACCCAACATAGAGGTAGG
2252,Dex.18.2_CACCACAGATGTTGCTAA
2253,Dex.18.2_ATTAGTTTCGCAATGAAG
2254,Dex.18.2_GTGGTGCTAGGTGCCAGA
2255,Dex.18.2_GAGCTTCGGCGTAGACCC
2256,Dex.18.2_TAATAGCGTTATACCCAA
2257,Dex.18.2_GCGAATCCTCTATGTTCG
2258,Dex.18.2_TGTGTAAGGTTATGCGGT
2259,Dex.18.2_AGGTTAGGACGAAACGTG
2260,Dex.18.2_TATTTCATTAGTTTGCTC
2261,Dex.18.2_TTGGATAACAGCGCTGAG
2262,Dex.18.2_ATTAGTTTAAGATCAGTG
2263,Dex.18.2_AAAGAAACCTTCTGCTAA
2264,Dex.18.2_TTTGGGCCTCTACAAGTC
2265,Dex.18.2_CAAGTCCGGCGTCTAGGT
2266,Dex.18.2_CGGTCCATACTTTAATAG
2267,Dex.18.2_CTAGGTTTTGGGTTAAGA
2268,Dex.18.2_TATTTCAGTAAAGCTGAG
2269,Dex.18.2_TAAGCTGAGGCCAACAGC
2270,Dex.18.2_CGAAAGTCGGGAATGAAG
2271,Dex.18.2_ATAGCGTGAGACTCAGTG
2272,Dex.18.2_TCGCCTGAGCTTAGACCC
2273,Dex.18.2_TGTTCGGTCGGCGCCGTT
2274,Dex.18.2_TTGCTCCATAGAGTGGTG
2275,Dex.18.2_AGACCCCAACCGAGGTTA
2276,Dex.18.2_TAGAGGACAAGGCTCAAT
2277,Dex.18.2_GATCAATCATCATGTGTA
2278,Dex.18.2_CGCATACGAGCACATAGA
2279,Dex.18.2_TCAGTGTTCTTGAAAGAA
2280,Dex.18.2_GTGGTGCGTTATCTCAAT
2281,Dex.18.2_TATTTCAACAGCGGATTG
2282,Dex.18.2_GAGCTTTCGCCTGAGCTT
2283,Dex.18.2_AAAGAATGCGGTCTTACG
2284,Dex.18.2_GTTTCAAAGCCATACCGA
2285,Dex.18.2_ATATACCCGATGCAAGTC
2286,Dex.18.2_AGACCCACTGCATCTAGC
2287,Dex.18.2_GAGGCCATATACGAAATA
2288,Dex.18.2_GGTGCTTTAAGAACCCAA
2289,Dex.18.2_AGGTTAGAAGGGGCCAGA
2290,Dex.18.2_TCAGTGACCTTCTTCTTG
2291,Dex.18.2_TTAAGACAGACTGATCAA
2292,Dex.18.2_TTGCTCCCTCTATGGCAG
2293,Dex.18.2_GTACAGGAAGGGTTTGGG
2294,Dex.18.2_GGGATCCTTACGTGAGAC
2295,Dex.18.2_CGGTCCATAGCGTTAAGA
2296,Dex.18.2_GTCGGCCGTTATACCTTC
2297,Dex.18.2_TGAGACTACCGATGGCAG
2298,Dex.18.2_CAGGAGTTGGATGAGTGA
2299,Dex.18.2_AACGTGTGTTCGAAGCCA
2300,Dex.18.2_TCATCAGAAATATTAAGA
2301,Dex.18.2_CGCATACTTACGCGTTAT
2302,Dex.18.2_CGAAAGGAGTGAGGTGCT
2303,Dex.18.2_GGACGACGGCGTGGATTG
2304,Dex.18.2_CTTGAAAACAGCCAACCG
2305,Dex.18.2_TAAGCTATACTTAGATGT
2306,Dex.18.2_GGCCATGAAATAGGTAGG
2307,Dex.18.2_GAAGGGTCATCAATACTT
2308,Dex.18.2_CCGTAATGTGTATGGCAG
2309,Dex.18.2_AATTGGGAGGCCAGACCC
2310,Dex.18.2_GCTCCCCATAGAGCTTGT
2311,Dex.18.2_TAATAGCGGCGTTACCGA
2312,Dex.18.2_GCGCGGTGTTCGCTTGAA
2313,Dex.18.2_ATCCGGGTCGGCCACTGT
2314,Dex.18.2_AGATGTCTTGAATTCTTG
2315,Dex.18.2_TGCGGTGACTCGGAAGGG
2316,Dex.18.2_TAGAGGACCTTCCACCAC
2317,Dex.18.2_CTATTATATTTCTCTAGC
2318,Dex.18.2_TCCAAGTGAGACAGACCC
2319,Dex.18.2_TGGCAGCTAGGTCCGTAA
2320,Dex.18.2_CCGTAAGGTGCTTCGGGA
2321,Dex.18.2_GCGAATACGGACGCGCGG
2322,Dex.18.2_CACCACTCTAGCTCGGGA
2323,Dex.18.2_AGATGTTTGCTCGGGATC
2324,Dex.18.2_GGGATCGCCGTTAGTAAA
2325,Dex.18.2_GCGCGGCAGACTGCCAGA
2326,Dex.18.2_ATACTTGACTCGTTGCTC
2327,Dex.18.2_GCTTGTCTATTACATAGA
2328,Dex.18.2_TCGCCTCACTGTATTAGT
2329,Dex.18.2_GAGTGATTAAGATTAAGA
2330,Dex.18.2_TACCGACTCAATCGTTAT
2331,Dex.18.2_GAAATAAATTGGACAAGG
2332,Dex.18.2_TACCGAGGACGATATTTC
2333,Dex.18.2_GGACGACACCACGTTAAC
2334,Dex.18.2_GGTAGGTCTAGCCTGTGG
2335,Dex.18.2_AAGCCAAATTGGTCAGTG
2336,Dex.18.2_GTCCTAACCTTCCACTGT
2337,Dex.18.2_CCTCTATAAGCTTTCGCA
2338,Dex.18.2_TTGGATGTACAGCACCAC
2339,Dex.18.2_GGGATCACGGACAGTAAA
2340,Dex.18.2_GTTTCAATCCGGGACTCG
2341,Dex.18.2_GCCAGATCGCCTACCCAA
2342,Dex.18.2_TGGCAGTTGCTCTGCGGT
2343,Dex.18.2_TCGCCTCTTACGCGGTCC
2344,Dex.18.2_GGACGAACCTTCTTTGGG
2345,Dex.18.2_TTTGGGCGCATAGGTAGG
2346,Dex.18.2_CGAAAGAAGCCATCGCCT
2347,Dex.18.2_CGAAAGATACTTTCCAAG
2348,Dex.18.2_CAACCGGTCCTACTTACG
2349,Dex.18.2_TAATAGGAGTGATGCGGT
2350,Dex.18.2_ACGGACTGTTCGCAACCG
2351,Dex.18.2_AATTGGGGACGATGCTAA
2352,Dex.18.2_GTTAACCCACGCGAAGGG
2353,Dex.18.2_GATCAACGGTCCAGATGT
2354,Dex.18.2_CGAGCATGGCAGAACGTG
2355,Dex.18.2_ATGAAGACGGACAAAGAA
2356,Dex.18.2_GAGTGAAATTGGTCATCA
2357,Dex.18.2_GTCCTACCTCTAGGCCAT
2358,Dex.18.2_CCGATGTGAGACGAGCTT
2359,Dex.18.2_CTTACGGCTTGTTGCTAA
2360,Dex.18.2_GGTGCTCAAGTCTGTTCG
2361,Dex.18.2_TAAGCTCCTCTACGAGCA
2362,Dex.18.2_AATTGGGCGAATCAGGAG
2363,Dex.18.2_TGGCAGATTAGTCCACGC
2364,Dex.18.2_CGAGCACAACCGGAGGCC
2365,Dex.18.2_TACCGAACAAGGCGAGCA
2366,Dex.18.2_CGAGCATTGCTCCTAGGT
2367,Dex.18.2_TGCGGTCTTGAAGGGATC
2368,Dex.18.2_CCGTAATTCTTGCCACGC
2369,Dex.18.2_AGGTTAATTAGTATGAAG
2370,Dex.18.2_TCCAAGGTCGGCGAGCTT
2371,Dex.18.2_TAGAGGAAGTATGGATTG
2372,Dex.18.2_AACGTGTGTTCGCCACGC
2373,Dex.18.2_GTTAACGTTAACGCTGAG
2374,Dex.18.2_AAAGAACCGTAATTTGGG
2375,Dex.18.2_CCTCTACAGACTCTCAAT
2376,Dex.18.2_AAGTATACAAGGATCCGG
2377,Dex.18.2_CTTACGTTAAGAGGATTG
2378,Dex.18.2_CACTGTTGCGGTATGAAG
2379,Dex.18.2_GAGCTTCGGTCCGTTTCA
2380,Dex.18.2_TGCTAAGGCCATTTCGCA
2381,Dex.18.2_CCACGCGCGAATCCACGC
2382,Dex.18.2_TTTGGGAGCACGGTCCTA
2383,Dex.18.2_TCATCACATAGATAAGCT
2384,Dex.18.2_GATCAATATTTCTCCAAG
2385,Dex.18.2_GGATTGCCGATGGCCAGA
2386,Dex.18.2_CCGTAAAGTAAAACGGAC
2387,Dex.18.2_GAAATAACGGACGTGGTG
2388,Dex.18.2_GCTCCCATAGCGGGCCAT
2389,Dex.18.2_GCTGAGAGATGTCAACCG
2390,Dex.18.2_GCTCCCACGGACTAGAGG
2391,Dex.18.2_TGGCAGAAAGAATACCGA
2392,Dex.18.2_TTAAGATCGGGAGTCGGC
2393,Dex.18.2_CCGATGAGATGTTGAATT
2394,Dex.18.2_TCGCCTTCTAGCCGAAAG
2395,Dex.18.2_TGCGGTAGGTTAACGGAC
2396,Dex.18.2_TGAGACCTGTGGTCATCA
2397,Dex.18.2_TAGAGGGGCCATAGGTTA
2398,Dex.18.2_TCGGGACACCACCAGGAG
2399,Dex.18.2_CTATTAGCCGTTGTCGGC
